repository,name,description,html_url,stars_at_discovery,queries,source,fetched_at,catalog_id,catalog_status,decision_reason
666yansen/LR-Net-for-Weak-Vibration-Event-Location-and-Recognition-with-DAS,LR-Net-for-Weak-Vibration-Event-Location-and-Recognition-with-DAS,Research introduction and part of the database,https://github.com/666yansen/LR-Net-for-Weak-Vibration-Event-Location-and-Recognition-with-DAS,8,"""distributed acoustic sensing"" in:name,description,readme",github-search,2026-08-03T10:30:30+00:00,,unreviewed,Awaiting manual review
aaspip/pyseistr,pyseistr,Pyseistr is a python package for structural denoising and interpolation of multi-channel seismic data.,https://github.com/aaspip/pyseistr,92,"""distributed acoustic sensing"" in:name,description,readme",github-search,2026-08-03T10:30:30+00:00,,unreviewed,Awaiting manual review
aeonSolutions/Open-Scientific-Research,Open-Scientific-Research,This is the main repository for all my Open Science Research Projects,https://github.com/aeonSolutions/Open-Scientific-Research,6,"""distributed fiber optic sensing"" in:name,description,readme",github-search,2026-08-03T10:30:30+00:00,,unreviewed,Awaiting manual review
AI4EPS/DAS_Seismology_Workshop,DAS_Seismology_Workshop,Introduction to DAS for Seismology: From Data Acquisition to Analysis,https://github.com/AI4EPS/DAS_Seismology_Workshop,19,"""distributed acoustic sensing"" in:name,description,readme",github-search,2026-08-03T10:30:30+00:00,,unreviewed,Awaiting manual review
AI4EPS/EQNet,EQNet,,https://github.com/AI4EPS/EQNet,56,"""distributed acoustic sensing"" in:name,description,readme",github-search,2026-08-03T10:30:30+00:00,eqnet,watchlist,"Scientifically important DAS functionality, but the custom academic/commercial license is not OSI-approved."
akrasicka/CV_project1,CV_project1,DAS image analysis,https://github.com/akrasicka/CV_project1,2,topic:distributed-acoustic-sensing,github-search,2026-08-03T10:30:30+00:00,,unreviewed,Awaiting manual review
ale100584/cv,cv,,https://github.com/ale100584/cv,0,"""distributed fiber optic sensing"" in:name,description,readme",github-search,2026-08-03T10:30:30+00:00,,unreviewed,Awaiting manual review
AmedeoPelliccia/Aerospace-and-Quantum-United-AdVent,Aerospace-and-Quantum-United-AdVent,"AQUA VENTURE (Aerospace and Quantum United Advanced Venture) is a quantum-enhanced ecosystem for sustainable aerospace innovation. It integrates AI, digital twins, blockchain, and quantum computing across the full aircraft lifecycle",https://github.com/AmedeoPelliccia/Aerospace-and-Quantum-United-AdVent,0,"""distributed fiber optic sensing"" in:name,description,readme",github-search,2026-08-03T10:30:30+00:00,,unreviewed,Awaiting manual review
api-evangelist/fibersense,fibersense,"FiberSense is a distributed fiber optic sensing (DFOS / distributed acoustic sensing) company that turns existing and purpose-built fiber optic cables into dense arrays of vibration and acoustic sensors for real-time detection, localization and classification of objects and events across critical infrastructure.",https://github.com/api-evangelist/fibersense,0,"""distributed fiber optic sensing"" in:name,description,readme;topic:distributed-acoustic-sensing",github-search,2026-08-03T10:30:30+00:00,,unreviewed,Awaiting manual review
asleix/daspack,daspack,Data compression for distributed acoustic sensing,https://github.com/asleix/daspack,26,"""distributed acoustic sensing"" in:name,description,readme",github-search,2026-08-03T10:30:30+00:00,daspack,included,Reusable DAS-specific compressor with a BSD-3-Clause license and package release.
atrabattoni/recovering_displacement_with_das,recovering_displacement_with_das,,https://github.com/atrabattoni/recovering_displacement_with_das,4,"""distributed acoustic sensing"" in:name,description,readme",github-search,2026-08-03T10:30:30+00:00,,unreviewed,Awaiting manual review
avladova/Distributed-fiber-optic-,Distributed-fiber-optic-,,https://github.com/avladova/Distributed-fiber-optic-,5,"""distributed acoustic sensing"" in:name,description,readme",github-search,2026-08-03T10:30:30+00:00,,unreviewed,Awaiting manual review
B-CSI/cqi_das,cqi_das,Channel Quality Index - Automatic Identification of High-quality Channels in Distributed Acoustic Sensing,https://github.com/B-CSI/cqi_das,10,"""distributed acoustic sensing"" in:name,description,readme",github-search,2026-08-03T10:30:30+00:00,,unreviewed,Awaiting manual review
backnewku/AutoQuake,AutoQuake,"AutoQuake: An Automated, All-in-One Solution for Earthquake Catalog Generation",https://github.com/backnewku/AutoQuake,0,"""distributed acoustic sensing"" in:name,description,readme",github-search,2026-08-03T10:30:30+00:00,,unreviewed,Awaiting manual review
bradlipovsky/das-for-telecom-operators,das-for-telecom-operators,,https://github.com/bradlipovsky/das-for-telecom-operators,6,"""distributed acoustic sensing"" in:name,description,readme",github-search,2026-08-03T10:30:30+00:00,,unreviewed,Awaiting manual review
Caltech-DASHub/DAS-realtime,DAS-realtime,,https://github.com/Caltech-DASHub/DAS-realtime,9,"""distributed acoustic sensing"" in:name,description,readme",github-search,2026-08-03T10:30:30+00:00,das-realtime,included,Reusable DAS-specific framework with GPL-3.0 licensing and an operational interface.
CEGCurtin/DASDenoisingML_MultipleInterrogators,DASDenoisingML_MultipleInterrogators,Machine Learning tools for removng instrumental noise in Distributed Acoustic Sensing (DAS) data.,https://github.com/CEGCurtin/DASDenoisingML_MultipleInterrogators,4,"""distributed acoustic sensing"" in:name,description,readme",github-search,2026-08-03T10:30:30+00:00,,unreviewed,Awaiting manual review
chenyk1990/dasdenoising-dataonly,dasdenoising-dataonly,,https://github.com/chenyk1990/dasdenoising-dataonly,11,"""distributed acoustic sensing"" in:name,description,readme",github-search,2026-08-03T10:30:30+00:00,,unreviewed,Awaiting manual review
Colombiano/Alakoro_FiberSense,Alakoro_FiberSense,"Alakoro FiberSense - is a high-performance platform for processing, analyzing, and simulating distributed fiber optic sensing data. It supports three sensing modalities — DAS (Distributed Acoustic Sensing), DTS (Distributed Temperature Sensing), and DSS (Distributed Strain Sensing)",https://github.com/Colombiano/Alakoro_FiberSense,0,"""distributed fiber optic sensing"" in:name,description,readme",github-search,2026-08-03T10:30:30+00:00,,unreviewed,Awaiting manual review
conda-forge/dascore-feedstock,dascore-feedstock,A conda-smithy repository for dascore.,https://github.com/conda-forge/dascore-feedstock,0,"""distributed fiber optic sensing"" in:name,description,readme",github-search,2026-08-03T10:30:30+00:00,,unreviewed,Awaiting manual review
cuiyang512/Unsupervised-DAS-Denoising,Unsupervised-DAS-Denoising,Unsupervised Deep Learning for DAS-VSP Denoising Using Attention-Based Deep Image Prior,https://github.com/cuiyang512/Unsupervised-DAS-Denoising,27,"""distributed acoustic sensing"" in:name,description,readme",github-search,2026-08-03T10:30:30+00:00,,unreviewed,Awaiting manual review
d-chambers/dascore,dascore,dascore clone,https://github.com/d-chambers/dascore,0,"""distributed fiber optic sensing"" in:name,description,readme",github-search,2026-08-03T10:30:30+00:00,,unreviewed,Awaiting manual review
danilodjor/forge-das-processing,forge-das-processing,"Tools and notebooks for processing FORGE DAS data, including channel interpolation, seismic wave backprojection, data slicing, and pseudo-label generation for tasks like automated phase picking.",https://github.com/danilodjor/forge-das-processing,0,topic:distributed-acoustic-sensing,github-search,2026-08-03T10:30:30+00:00,,unreviewed,Awaiting manual review
DAS-RCN/awesome-das,awesome-das,A curated list of DAS tools and resources.,https://github.com/DAS-RCN/awesome-das,70,"""distributed acoustic sensing"" in:name,description,readme;topic:distributed-acoustic-sensing",github-search,2026-08-03T10:30:30+00:00,,unreviewed,Awaiting manual review
DAS-RCN/DAS_metadata,DAS_metadata,Tools for standardizing Distributed Acoustic Sensing (DAS) metadata,https://github.com/DAS-RCN/DAS_metadata,32,"""distributed acoustic sensing"" in:name,description,readme;topic:distributed-acoustic-sensing",github-search,2026-08-03T10:30:30+00:00,das-metadata,watchlist,"Highly relevant, but the detected CC BY license does not clearly establish an OSI software license for the code."
DAS-RCN/IntroToDASData,IntroToDASData,a friendly introduction to reading and working with DAS data,https://github.com/DAS-RCN/IntroToDASData,54,"""distributed acoustic sensing"" in:name,description,readme",github-search,2026-08-03T10:30:30+00:00,intro-to-das,excluded,"Tutorial material rather than a reusable software package, CLI, framework, or application."
DAS-RCN/jDAS,jDAS,Coherence-based Deep Learning denoising of DAS data,https://github.com/DAS-RCN/jDAS,12,"""distributed acoustic sensing"" in:name,description,readme",github-search,2026-08-03T10:30:30+00:00,,unreviewed,Awaiting manual review
DAS-RCN/mldas,mldas,,https://github.com/DAS-RCN/mldas,10,"""distributed acoustic sensing"" in:name,description,readme",github-search,2026-08-03T10:30:30+00:00,mldas,watchlist,"Reusable package with redistribution terms, but the custom laboratory license requires manual OSI-status review."
DAS4Whales/DAS4Whales,DAS4Whales,Python library to analyze Distributed Acoustic Sensing (DAS) data for marine bioacoustics,https://github.com/DAS4Whales/DAS4Whales,79,"""distributed acoustic sensing"" in:name,description,readme;""distributed fiber optic sensing"" in:name,description,readme",github-search,2026-08-03T10:30:30+00:00,das4whales,watchlist,"Relevant reusable package, but its CC BY-NC-SA license is source-available rather than OSI-approved open source."
DASDAE/ctemps_tutorial,ctemps_tutorial,A DASCore tutorial for CTEMPs workshop,https://github.com/DASDAE/ctemps_tutorial,1,"""distributed fiber optic sensing"" in:name,description,readme",github-search,2026-08-03T10:30:30+00:00,,unreviewed,Awaiting manual review
DASDAE/das-anomaly,das-anomaly,A Python package for anomaly detection in distributed acoustic sensing (DAS) datasets.,https://github.com/DASDAE/das-anomaly,28,"""distributed acoustic sensing"" in:name,description,readme;topic:distributed-acoustic-sensing",github-search,2026-08-03T10:30:30+00:00,das-anomaly,included,Reusable DAS-specific package explicitly licensed under LGPL-3.0.
DASDAE/dascore,dascore,A python library for distributed fiber optic sensing,https://github.com/DASDAE/dascore,157,"""distributed fiber optic sensing"" in:name,description,readme;topic:distributed-acoustic-sensing",github-search,2026-08-03T10:30:30+00:00,dascore,included,Reusable DAS-specific library with documented LGPL-3.0-or-later licensing and package releases.
DASDAE/DASDAE,DASDAE,Distributed Acoustic Sensing Data Analysis Ecosystem,https://github.com/DASDAE/DASDAE,6,"""distributed acoustic sensing"" in:name,description,readme",github-search,2026-08-03T10:30:30+00:00,,unreviewed,Awaiting manual review
DASDAE/dasmasw,dasmasw,Multichannel analysis of surface waves specialized for DAS data.,https://github.com/DASDAE/dasmasw,,,curated-seed,2026-08-03T10:30:30+00:00,dasmasw,included,Reusable DAS-specific Python library with an MIT license.
DASDAE/low-freq-real-time,low-freq-real-time,This is a temporary package for low-frequency processing on a spool of distributed acoustic sensing (DAS) data. ,https://github.com/DASDAE/low-freq-real-time,9,"""distributed acoustic sensing"" in:name,description,readme;topic:distributed-acoustic-sensing",github-search,2026-08-03T10:30:30+00:00,,unreviewed,Awaiting manual review
DASDAE/seg_tutorial,seg_tutorial,A DASCore tutorial for SEG,https://github.com/DASDAE/seg_tutorial,3,"""distributed fiber optic sensing"" in:name,description,readme",github-search,2026-08-03T10:30:30+00:00,,unreviewed,Awaiting manual review
DASDAE/unidas,unidas,Compatibility adapters between DAS library data structures.,https://github.com/DASDAE/unidas,,,curated-seed,2026-08-03T10:30:30+00:00,unidas,included,Reusable DAS interoperability package under the MIT license.
DeepWave-KAUST/DiffusionDAS_Denoising-pub,DiffusionDAS_Denoising-pub,Distributed Acoustic Sensing Denoising Using a Self-supervised Conditional Diffusion Model,https://github.com/DeepWave-KAUST/DiffusionDAS_Denoising-pub,10,"""distributed acoustic sensing"" in:name,description,readme;topic:distributed-acoustic-sensing",github-search,2026-08-03T10:30:30+00:00,,unreviewed,Awaiting manual review
DeepWave-KAUST/DLDAS_Denoising-pub,DLDAS_Denoising-pub,Official reproducible material for Noise attenuation in distributed acoustic sensing data using a guided unsupervised deep learning network,https://github.com/DeepWave-KAUST/DLDAS_Denoising-pub,19,"""distributed acoustic sensing"" in:name,description,readme;topic:distributed-acoustic-sensing",github-search,2026-08-03T10:30:30+00:00,,unreviewed,Awaiting manual review
Denolle-Lab/FarmDAS,FarmDAS,Scripts to process DAS data from the England farms,https://github.com/Denolle-Lab/FarmDAS,7,"""distributed acoustic sensing"" in:name,description,readme",github-search,2026-08-03T10:30:30+00:00,,unreviewed,Awaiting manual review
Denolle-Lab/greenlanDAS,greenlanDAS,"Codes for analyzing distributed acoustic sensing data from Store Glacier, Greenland",https://github.com/Denolle-Lab/greenlanDAS,13,"""distributed acoustic sensing"" in:name,description,readme",github-search,2026-08-03T10:30:30+00:00,,unreviewed,Awaiting manual review
Denolle-Lab/Shi_etal_2023_denoiseDAS,Shi_etal_2023_denoiseDAS,,https://github.com/Denolle-Lab/Shi_etal_2023_denoiseDAS,17,"""distributed acoustic sensing"" in:name,description,readme",github-search,2026-08-03T10:30:30+00:00,,unreviewed,Awaiting manual review
dominik-strutz/dased,dased,,https://github.com/dominik-strutz/dased,2,"""distributed acoustic sensing"" in:name,description,readme",github-search,2026-08-03T10:30:30+00:00,,unreviewed,Awaiting manual review
dvlan26/daily-arxiv-ai4sensor,daily-arxiv-ai4sensor,🎓Automatically Update AI4Sensor Papers Daily using Github Actions,https://github.com/dvlan26/daily-arxiv-ai4sensor,1,"""distributed fiber optic sensing"" in:name,description,readme",github-search,2026-08-03T10:30:30+00:00,,unreviewed,Awaiting manual review
edudscrc/edudscrc,edudscrc,,https://github.com/edudscrc/edudscrc,0,"""distributed fiber optic sensing"" in:name,description,readme",github-search,2026-08-03T10:30:30+00:00,,unreviewed,Awaiting manual review
eileenrmartin/dissertation-reproducibility-passive-DAS,dissertation-reproducibility-passive-DAS,"This repo contains the code to reproduce figures in my dissertation ""Passive Imaging and Characterization of the Subsurface With Distributed Acoustic Sensing""",https://github.com/eileenrmartin/dissertation-reproducibility-passive-DAS,10,"""distributed acoustic sensing"" in:name,description,readme",github-search,2026-08-03T10:30:30+00:00,,unreviewed,Awaiting manual review
eyalshimony/Joint-FWI,Joint-FWI,Inversion code to perform joint full-waveform inversion for source and structural parameters,https://github.com/eyalshimony/Joint-FWI,3,"""distributed acoustic sensing"" in:name,description,readme",github-search,2026-08-03T10:30:30+00:00,,unreviewed,Awaiting manual review
ezviz0202-hash/Flexible-Line-Shape-Sensing,Flexible-Line-Shape-Sensing,"An end-to-end Python framework for simulating, reconstructing, and analyzing the 3D shape of flexible structures using distributed fiber optic sensing.",https://github.com/ezviz0202-hash/Flexible-Line-Shape-Sensing,0,"""distributed fiber optic sensing"" in:name,description,readme",github-search,2026-08-03T10:30:30+00:00,,unreviewed,Awaiting manual review
fantine/microseismic-detection-ml,microseismic-detection-ml,Microseismic event detection on fiber-optic data using machine learning,https://github.com/fantine/microseismic-detection-ml,26,"""distributed acoustic sensing"" in:name,description,readme;topic:distributed-acoustic-sensing",github-search,2026-08-03T10:30:30+00:00,,unreviewed,Awaiting manual review
Fatemeh1203/Where-AI-Creates-Scientific-Reality,Where-AI-Creates-Scientific-Reality,,https://github.com/Fatemeh1203/Where-AI-Creates-Scientific-Reality,1,"""distributed fiber optic sensing"" in:name,description,readme",github-search,2026-08-03T10:30:30+00:00,,unreviewed,Awaiting manual review
FDSN/DAS-metadata,DAS-metadata,,https://github.com/FDSN/DAS-metadata,5,"""distributed acoustic sensing"" in:name,description,readme",github-search,2026-08-03T10:30:30+00:00,,unreviewed,Awaiting manual review
feizy/DAS_UI,DAS_UI,,https://github.com/feizy/DAS_UI,0,"""distributed fiber optic sensing"" in:name,description,readme",github-search,2026-08-03T10:30:30+00:00,,unreviewed,Awaiting manual review
fiberlab208/MTL-sDAS.PyTorch,MTL-sDAS.PyTorch,,https://github.com/fiberlab208/MTL-sDAS.PyTorch,12,"""distributed acoustic sensing"" in:name,description,readme",github-search,2026-08-03T10:30:30+00:00,,unreviewed,Awaiting manual review
fibertechnote/fiber-optic-technologies,fiber-optic-technologies,## Distributed Fiber Optic Sensing Technologies  This repository provides technical insights into Distributed Acoustic Sensing (DAS)  and Distributed Temperature Sensing (DTS) technologies used in modern infrastructure monitoring.  🔗 More information: - https://www.samm.com - https://telecom.samm.com - https://fotas.samm.com,https://github.com/fibertechnote/fiber-optic-technologies,0,"""distributed fiber optic sensing"" in:name,description,readme",github-search,2026-08-03T10:30:30+00:00,,unreviewed,Awaiting manual review
Flat-Earther/DAS-processing,DAS-processing,"Automated detecting of moving objects and their speed fluctuations in distributed acoustic sensing (DAS) recordings from rondo Śródka, Poznań.",https://github.com/Flat-Earther/DAS-processing,0,topic:distributed-acoustic-sensing,github-search,2026-08-03T10:30:30+00:00,,unreviewed,Awaiting manual review
Flinder010/RDM-DAS,RDM-DAS,Residual Diffusion Models for Denoising Distributed Acoustic Sensing Data,https://github.com/Flinder010/RDM-DAS,4,"""distributed acoustic sensing"" in:name,description,readme",github-search,2026-08-03T10:30:30+00:00,,unreviewed,Awaiting manual review
Flinder010/ZSN2N-DAS,ZSN2N-DAS,ZSN2N-DAS,https://github.com/Flinder010/ZSN2N-DAS,3,"""distributed acoustic sensing"" in:name,description,readme",github-search,2026-08-03T10:30:30+00:00,,unreviewed,Awaiting manual review
Gbhavya996/Optical-fiber-fence-detection-system,Optical-fiber-fence-detection-system,hardware & software,https://github.com/Gbhavya996/Optical-fiber-fence-detection-system,0,"""distributed fiber optic sensing"" in:name,description,readme",github-search,2026-08-03T10:30:30+00:00,,unreviewed,Awaiting manual review
giuliopas/DASpectralDenoiser,DASpectralDenoiser,"This repository contains the implementation of a spectral subtraction-based denoising algorithm for Distributed Acoustic Sensing (DAS) data. For a full description of this method, please refer to doi:10.1785/0220250105",https://github.com/giuliopas/DASpectralDenoiser,5,"""distributed acoustic sensing"" in:name,description,readme",github-search,2026-08-03T10:30:30+00:00,,unreviewed,Awaiting manual review
graeffd/DAS_performance,DAS_performance,Tests on the performance of distributed acoustic sensing (DAS).,https://github.com/graeffd/DAS_performance,4,"""distributed acoustic sensing"" in:name,description,readme",github-search,2026-08-03T10:30:30+00:00,,unreviewed,Awaiting manual review
Guoguo828/fliark,fliark,"FiLark (Fiber Lark) — a lightweight, high-performance framework for streaming-first Big Data visualization and analysis in Distributed Fiber Optic Sensing (DAS).",https://github.com/Guoguo828/fliark,0,"""distributed fiber optic sensing"" in:name,description,readme",github-search,2026-08-03T10:30:30+00:00,,unreviewed,Awaiting manual review
Haipeng-ustc/CS230-DAS-Compression,CS230-DAS-Compression,Efficient Compression of Preprocessed High-Frequency DAS Data Using Autoencoders,https://github.com/Haipeng-ustc/CS230-DAS-Compression,3,"""distributed acoustic sensing"" in:name,description,readme",github-search,2026-08-03T10:30:30+00:00,,unreviewed,Awaiting manual review
hetinghong/DASView,DASView,"DASView: A cross-platform PyQt application for effortless DAS data visualization.   🚀 No setup—just download and run.   🔍 Instantly explore, filter, pick seismic phases, track vehicles, and analyze long-term traffic patterns.   💡 Designed to make DAS visualization intuitive and immediate.",https://github.com/hetinghong/DASView,8,"""distributed acoustic sensing"" in:name,description,readme",github-search,2026-08-03T10:30:30+00:00,,unreviewed,Awaiting manual review
HMZ-03/DASPy,DASPy,DASPy: A Python Toolbox for DAS (Distributed Acoustic Sensing) data processing.,https://github.com/HMZ-03/DASPy,152,"""distributed acoustic sensing"" in:name,description,readme;topic:distributed-acoustic-sensing",github-search,2026-08-03T10:30:30+00:00,daspy,included,"Reusable DAS-specific toolbox with an MIT license, documentation, and package releases."
HUST-IOF/BOTDA_Deconv,BOTDA_Deconv,,https://github.com/HUST-IOF/BOTDA_Deconv,1,"""distributed fiber optic sensing"" in:name,description,readme",github-search,2026-08-03T10:30:30+00:00,,unreviewed,Awaiting manual review
I2AzureAccelerator/Fall2022-OceanMonitoring,Fall2022-OceanMonitoring,Distributed Acoustic Sensing for Ocean Monitoring,https://github.com/I2AzureAccelerator/Fall2022-OceanMonitoring,2,"""distributed acoustic sensing"" in:name,description,readme",github-search,2026-08-03T10:30:30+00:00,,unreviewed,Awaiting manual review
IES-ESLab/AutoQuake,AutoQuake,"AutoQuake: An Automated, All-in-One Solution for Earthquake Catalog Generation",https://github.com/IES-ESLab/AutoQuake,5,"""distributed acoustic sensing"" in:name,description,readme",github-search,2026-08-03T10:30:30+00:00,,unreviewed,Awaiting manual review
ingehap/Petrophysics_Code,Petrophysics_Code,Unofficial Python implementations of articles in the journal Petrophysics. ,https://github.com/ingehap/Petrophysics_Code,1,"""distributed fiber optic sensing"" in:name,description,readme",github-search,2026-08-03T10:30:30+00:00,,unreviewed,Awaiting manual review
jamesbcarmichael/GPGN-590A-Final-Project-Instrumental-Designs_Proposed-Remote-Controled-Flowloop_-Proto-type-,GPGN-590A-Final-Project-Instrumental-Designs_Proposed-Remote-Controled-Flowloop_-Proto-type-,initial project testing consists first to run various tests within the confines of the geoscience maker-space lab,https://github.com/jamesbcarmichael/GPGN-590A-Final-Project-Instrumental-Designs_Proposed-Remote-Controled-Flowloop_-Proto-type-,0,"""distributed fiber optic sensing"" in:name,description,readme",github-search,2026-08-03T10:30:30+00:00,,unreviewed,Awaiting manual review
Javier-FernandezCarabantes/RNN-DAS,RNN-DAS,RNN-DAS: A New Deep Learning Approach for Detection and Real-Time Monitoring of Volcano-Tectonic Events Using Distributed Acoustic Sensing,https://github.com/Javier-FernandezCarabantes/RNN-DAS,4,"""distributed acoustic sensing"" in:name,description,readme",github-search,2026-08-03T10:30:30+00:00,,unreviewed,Awaiting manual review
Jazzola/DAS-VTX,DAS-VTX,VTX - Vehicle Tracking Xcorr is a Python-based framework to apply Multichannel Analysis of Surface Waves (MASW) to surface waves generated by vehicles (cars or trains) recorded with Distributed Acoustic Sensing (DAS) systems along roads or railways.,https://github.com/Jazzola/DAS-VTX,0,topic:distributed-acoustic-sensing,github-search,2026-08-03T10:30:30+00:00,,unreviewed,Awaiting manual review
JCJunxing/JC-fine-tuned-model,JC-fine-tuned-model,,https://github.com/JCJunxing/JC-fine-tuned-model,2,"""distributed fiber optic sensing"" in:name,description,readme",github-search,2026-08-03T10:30:30+00:00,,unreviewed,Awaiting manual review
jeffreychengce/jeffreychengce,jeffreychengce,,https://github.com/jeffreychengce/jeffreychengce,0,"""distributed fiber optic sensing"" in:name,description,readme",github-search,2026-08-03T10:30:30+00:00,,unreviewed,Awaiting manual review
Jingchensun/clap-s,clap-s,[ICASSP 2025] CLAP-S: Support Set-Based Adaption for Fiber-Optic Acoustic Recognition,https://github.com/Jingchensun/clap-s,8,"""distributed acoustic sensing"" in:name,description,readme",github-search,2026-08-03T10:30:30+00:00,,unreviewed,Awaiting manual review
jingxiaoliu/das_diff_veh,das_diff_veh,Characterizing Vehicle-Induced Distributed Acoustic Sensing Signals for Accurate Urban Near-Surface Imaging,https://github.com/jingxiaoliu/das_diff_veh,15,"""distributed acoustic sensing"" in:name,description,readme;topic:distributed-acoustic-sensing",github-search,2026-08-03T10:30:30+00:00,,unreviewed,Awaiting manual review
jingxiaoliu/TelecomTM,TelecomTM,TelecomTM: A Fine-Grained and Ubiquitous Traffic Monitoring System Using Pre-Existing Telecommunication Fiber-Optic Cables as Sensors,https://github.com/jingxiaoliu/TelecomTM,14,topic:distributed-acoustic-sensing,github-search,2026-08-03T10:30:30+00:00,,unreviewed,Awaiting manual review
jingxiaoliu/urban_das,urban_das,Urban sensing using existing fiber-optic networks,https://github.com/jingxiaoliu/urban_das,7,topic:distributed-acoustic-sensing,github-search,2026-08-03T10:30:30+00:00,,unreviewed,Awaiting manual review
jmaen/zero-shot-das-denoising,zero-shot-das-denoising,Zero-Shot Denoising of Distributed Acoustic Sensing Data using Deep Priors,https://github.com/jmaen/zero-shot-das-denoising,6,"""distributed acoustic sensing"" in:name,description,readme",github-search,2026-08-03T10:30:30+00:00,,unreviewed,Awaiting manual review
JohannaZitt/CryoDASDenoising,CryoDASDenoising,Code accompanying the paper Self-Supervised Coherence-Based Denoising of Cryoseismological Distributed Acoustic Sensing Data.,https://github.com/JohannaZitt/CryoDASDenoising,6,"""distributed acoustic sensing"" in:name,description,readme",github-search,2026-08-03T10:30:30+00:00,,unreviewed,Awaiting manual review
johngage/linken-sensing,linken-sensing,DFOS company,https://github.com/johngage/linken-sensing,0,"""distributed fiber optic sensing"" in:name,description,readme",github-search,2026-08-03T10:30:30+00:00,,unreviewed,Awaiting manual review
Juanx65/DeepDeconv,DeepDeconv,Deep Deconvolution for Seismic Waves with Real and Simulated Distributed Acoustic Sensing Data: State-of-the-Art Review,https://github.com/Juanx65/DeepDeconv,4,"""distributed acoustic sensing"" in:name,description,readme",github-search,2026-08-03T10:30:30+00:00,,unreviewed,Awaiting manual review
Juanx65/DeepDeconvV2,DeepDeconvV2,Deep Deconvolution for Seismic Waves with Real and Simulated Distributed Acoustic Sensing Data: State-of-the-Art Review ,https://github.com/Juanx65/DeepDeconvV2,15,"""distributed acoustic sensing"" in:name,description,readme",github-search,2026-08-03T10:30:30+00:00,,unreviewed,Awaiting manual review
jxli2a/dasfm_demo,dasfm_demo,Earthquake focal mechanisms with distributed acoustic sensing,https://github.com/jxli2a/dasfm_demo,11,"""distributed acoustic sensing"" in:name,description,readme",github-search,2026-08-03T10:30:30+00:00,,unreviewed,Awaiting manual review
kaileydougherty/3Dviewer,3Dviewer,Development of a 3D visualization for distributed fiber optic sensing data for microseismic events.,https://github.com/kaileydougherty/3Dviewer,2,"""distributed fiber optic sensing"" in:name,description,readme",github-search,2026-08-03T10:30:30+00:00,,unreviewed,Awaiting manual review
kieran-fitzmason/pipelines,pipelines,Code related to pipeline flow characterization using distributed acoustic sensing (DAS),https://github.com/kieran-fitzmason/pipelines,3,"""distributed acoustic sensing"" in:name,description,readme",github-search,2026-08-03T10:30:30+00:00,,unreviewed,Awaiting manual review
Laskya/das-vehicle-tracking,das-vehicle-tracking,"Classical computer-vision pipeline that detects and tracks moving vehicles in Distributed Acoustic Sensing data, recovering velocity from the slope of diagonal tracks in the space-time waterfall",https://github.com/Laskya/das-vehicle-tracking,0,topic:distributed-acoustic-sensing,github-search,2026-08-03T10:30:30+00:00,,unreviewed,Awaiting manual review
lviens/2022_DAS_Tomography,2022_DAS_Tomography,"Python codes to reproduce the results from Viens et al. (2022, GJI)",https://github.com/lviens/2022_DAS_Tomography,9,"""distributed acoustic sensing"" in:name,description,readme",github-search,2026-08-03T10:30:30+00:00,,unreviewed,Awaiting manual review
maniatisni/iDAS-self-supervised-denoising,iDAS-self-supervised-denoising,DAS Deep Learning Denoising,https://github.com/maniatisni/iDAS-self-supervised-denoising,11,"""distributed acoustic sensing"" in:name,description,readme",github-search,2026-08-03T10:30:30+00:00,,unreviewed,Awaiting manual review
marianoarnaiz/DASvader.jl,DASvader.jl,"DASVader.jl is an open, fast and flexible framework for analysing Distributed Acoustic Sensing (DAS) data in Julia",https://github.com/marianoarnaiz/DASvader.jl,7,"""distributed acoustic sensing"" in:name,description,readme",github-search,2026-08-03T10:30:30+00:00,dasvader,included,Reusable DAS-specific Julia library with an MIT license.
marscfeng/dcImage4ChengIVDF2023,dcImage4ChengIVDF2023,"MATLAB scripts to illustrate three frequently-used dispersion imaging techniques, MAPS, SPAC and ReMi.",https://github.com/marscfeng/dcImage4ChengIVDF2023,15,"""distributed acoustic sensing"" in:name,description,readme",github-search,2026-08-03T10:30:30+00:00,,unreviewed,Awaiting manual review
martijnende/jDAS,jDAS,Coherence-based Deep Learning denoising of DAS data,https://github.com/martijnende/jDAS,40,"""distributed acoustic sensing"" in:name,description,readme",github-search,2026-08-03T10:30:30+00:00,jdas,included,Reusable DAS denoising implementation with an MIT license.
miralab-ai/Phase-OTDR-event-detection,Phase-OTDR-event-detection,,https://github.com/miralab-ai/Phase-OTDR-event-detection,4,"""distributed fiber optic sensing"" in:name,description,readme",github-search,2026-08-03T10:30:30+00:00,,unreviewed,Awaiting manual review
nimanzik/Eadet-ConvNet,Eadet-ConvNet,A Convolutional Neural Network (ConvNet) for earthquake detection in DAS fibre-optic data using PyTorch,https://github.com/nimanzik/Eadet-ConvNet,6,"""distributed acoustic sensing"" in:name,description,readme",github-search,2026-08-03T10:30:30+00:00,,unreviewed,Awaiting manual review
niyiyu/DAS-reconstruction,DAS-reconstruction,Wavefield Reconstruction of Distributed Acoustic Sensing with Machine Learning,https://github.com/niyiyu/DAS-reconstruction,18,"""distributed acoustic sensing"" in:name,description,readme;topic:distributed-acoustic-sensing",github-search,2026-08-03T10:30:30+00:00,,unreviewed,Awaiting manual review
niyiyu/DASstore,DASstore,An Object Storage for Distributed Acoustic Sensing,https://github.com/niyiyu/DASstore,21,"""distributed acoustic sensing"" in:name,description,readme;topic:distributed-acoustic-sensing",github-search,2026-08-03T10:30:30+00:00,dasstore,included,Reusable DAS storage software with GPL-3.0 licensing.
niyiyu/NoisePy4DAS-SeaDAS,NoisePy4DAS-SeaDAS,,https://github.com/niyiyu/NoisePy4DAS-SeaDAS,13,"""distributed acoustic sensing"" in:name,description,readme",github-search,2026-08-03T10:30:30+00:00,,unreviewed,Awaiting manual review
nmbader/phd_thesis,phd_thesis,A repository to reproduce my Ph.D. thesis results and figures,https://github.com/nmbader/phd_thesis,19,"""distributed acoustic sensing"" in:name,description,readme",github-search,2026-08-03T10:30:30+00:00,,unreviewed,Awaiting manual review
Oboue/LOdasdenoising,LOdasdenoising,The LOdasdenoising  package stores the reproducible and open-access scripts for protecting the weak signals in distributed acoustic sensing data processing using local orthogonalization (LO).,https://github.com/Oboue/LOdasdenoising,6,"""distributed acoustic sensing"" in:name,description,readme",github-search,2026-08-03T10:30:30+00:00,,unreviewed,Awaiting manual review
Ocean-Data-Lab/Goestchel_JASA_2025,Goestchel_JASA_2025,Code for enhancing fin whale vocalizations in distributed acoustic sensing data,https://github.com/Ocean-Data-Lab/Goestchel_JASA_2025,2,"""distributed acoustic sensing"" in:name,description,readme",github-search,2026-08-03T10:30:30+00:00,,unreviewed,Awaiting manual review
Pengchao-He/horizontal-fracture-fiber-strain,horizontal-fracture-fiber-strain,MATLAB strain and strain-rate modeling for horizontal shear fractures and monitoring fibers,https://github.com/Pengchao-He/horizontal-fracture-fiber-strain,0,topic:distributed-acoustic-sensing,github-search,2026-08-03T10:30:30+00:00,,unreviewed,Awaiting manual review
ponder2000/ponder2000,ponder2000,,https://github.com/ponder2000/ponder2000,0,"""distributed acoustic sensing"" in:name,description,readme",github-search,2026-08-03T10:30:30+00:00,,unreviewed,Awaiting manual review
Pratik-Kumar887/IInvenTiv_2026,IInvenTiv_2026,,https://github.com/Pratik-Kumar887/IInvenTiv_2026,0,"""distributed fiber optic sensing"" in:name,description,readme",github-search,2026-08-03T10:30:30+00:00,,unreviewed,Awaiting manual review
pyrocko/idas-convert,idas-convert,Convert Silixa iDAS TDSM data to MiniSeed and other seismological formats,https://github.com/pyrocko/idas-convert,9,"""distributed acoustic sensing"" in:name,description,readme",github-search,2026-08-03T10:30:30+00:00,idas-convert,included,Reusable DAS conversion tool with GPL-3.0 licensing.
pyrocko/lightguide,lightguide,Tools for distributed acoustic sensing data.,https://github.com/pyrocko/lightguide,65,"""distributed acoustic sensing"" in:name,description,readme;topic:distributed-acoustic-sensing",github-search,2026-08-03T10:30:30+00:00,lightguide,included,Reusable DAS-specific Python library under GPL-3.0.
qgoestch/private-das4whales,private-das4whales,,https://github.com/qgoestch/private-das4whales,0,"""distributed fiber optic sensing"" in:name,description,readme",github-search,2026-08-03T10:30:30+00:00,,unreviewed,Awaiting manual review
RSET-CSE-DEPARTMENT/RSET2022-26-S8-Beta,RSET2022-26-S8-Beta,Repo for RSET CSB 2026-28 for final year project code and document,https://github.com/RSET-CSE-DEPARTMENT/RSET2022-26-S8-Beta,1,"""distributed acoustic sensing"" in:name,description,readme",github-search,2026-08-03T10:30:30+00:00,,unreviewed,Awaiting manual review
sachalapins/DAS-N2N,DAS-N2N,"Code repository for paper ""DAS-N2N: Machine learning Distributed Acoustic Sensing (DAS) signal denoising without clean data"" (https://arxiv.org/abs/2304.08120)",https://github.com/sachalapins/DAS-N2N,43,"""distributed acoustic sensing"" in:name,description,readme",github-search,2026-08-03T10:30:30+00:00,,unreviewed,Awaiting manual review
sachalapins/DAS-N2N-torch,DAS-N2N-torch,,https://github.com/sachalapins/DAS-N2N-torch,17,"""distributed acoustic sensing"" in:name,description,readme",github-search,2026-08-03T10:30:30+00:00,,unreviewed,Awaiting manual review
sarahnataj/FotechSolutionProject-PIMS2020,FotechSolutionProject-PIMS2020,,https://github.com/sarahnataj/FotechSolutionProject-PIMS2020,0,"""distributed acoustic sensing"" in:name,description,readme",github-search,2026-08-03T10:30:30+00:00,,unreviewed,Awaiting manual review
SCEDC/tutorials,tutorials,"Tutorials, examples, presentations related to data access from the SCEDC",https://github.com/SCEDC/tutorials,11,"""distributed acoustic sensing"" in:name,description,readme",github-search,2026-08-03T10:30:30+00:00,,unreviewed,Awaiting manual review
schipp/awesome-seismology,awesome-seismology,"Awesome Seismology - Earthquakes, Earth's structure, and related methodology",https://github.com/schipp/awesome-seismology,34,"""distributed acoustic sensing"" in:name,description,readme;""distributed fiber optic sensing"" in:name,description,readme",github-search,2026-08-03T10:30:30+00:00,,unreviewed,Awaiting manual review
Schlumberger/distpy,distpy,An Open Source python module for rapid prototyping Distributed Acoustic Sensing (DAS) processing flows,https://github.com/Schlumberger/distpy,40,"""distributed acoustic sensing"" in:name,description,readme",github-search,2026-08-03T10:30:30+00:00,distpy,included,Reusable DAS processing package with an MIT license and PyPI releases.
SEAFOM-Fiber-Optic-Monitoring-Group/pySEAFOM,pySEAFOM,Reproducible performance evaluation for DAS and other fiber-optic interrogators.,https://github.com/SEAFOM-Fiber-Optic-Monitoring-Group/pySEAFOM,,,curated-seed,2026-08-03T10:30:30+00:00,pyseafom,included,Reusable benchmarking package under the MIT license.
seisbench/seisbench,seisbench,SeisBench - A toolbox for machine learning in seismology,https://github.com/seisbench/seisbench,411,"""distributed acoustic sensing"" in:name,description,readme",github-search,2026-08-03T10:30:30+00:00,,unreviewed,Awaiting manual review
sermomon/DASexplorer,DASexplorer,,https://github.com/sermomon/DASexplorer,7,"""distributed acoustic sensing"" in:name,description,readme",github-search,2026-08-03T10:30:30+00:00,dasexplorer,included,Reusable DAS application explicitly licensed under GPL-3.0-or-later.
shenyaojin/Attention-UNet-DASdata,Attention-UNet-DASdata,An implementation of Attention UNet based on the UNet architecture in https://arxiv.org/html/2403.02791v1; Just for fun. ,https://github.com/shenyaojin/Attention-UNet-DASdata,0,topic:distributed-acoustic-sensing,github-search,2026-08-03T10:30:30+00:00,,unreviewed,Awaiting manual review
shenyaojin/fibeRIS,fibeRIS,"Fiberis is a tool designed for fiber optic sensing data analysis, simulation and management.",https://github.com/shenyaojin/fibeRIS,2,"""distributed fiber optic sensing"" in:name,description,readme;topic:distributed-acoustic-sensing",github-search,2026-08-03T10:30:30+00:00,,unreviewed,Awaiting manual review
shenyaojin/shenyaojin,shenyaojin,Config files for my GitHub profile.,https://github.com/shenyaojin/shenyaojin,0,"""distributed fiber optic sensing"" in:name,description,readme",github-search,2026-08-03T10:30:30+00:00,,unreviewed,Awaiting manual review
Shihao-Yuan/CookStrait-DAS-Processing,CookStrait-DAS-Processing,"DAS processing workflows and example datasets from the Cook Strait experiment, implemented using DASCore and documented through Jupyter notebooks.",https://github.com/Shihao-Yuan/CookStrait-DAS-Processing,1,"""distributed fiber optic sensing"" in:name,description,readme;topic:distributed-acoustic-sensing",github-search,2026-08-03T10:30:30+00:00,,unreviewed,Awaiting manual review
Shihao-Yuan/ReMi-DAS,ReMi-DAS,A Python toolkit for applying Refraction Microtremor analysis to Distributed Acoustic Sensing data,https://github.com/Shihao-Yuan/ReMi-DAS,4,"""distributed acoustic sensing"" in:name,description,readme;""distributed fiber optic sensing"" in:name,description,readme;topic:distributed-acoustic-sensing",github-search,2026-08-03T10:30:30+00:00,remi-das,included,Reusable DAS-specific processing toolkit with GPL-3.0 licensing.
Sirkraven/darkfiber,darkfiber,"Physics-first coherence engine for Distributed Acoustic Sensing: auditable seismic verdicts from dark fiber, with honest abstention.",https://github.com/Sirkraven/darkfiber,0,topic:distributed-acoustic-sensing,github-search,2026-08-03T10:30:30+00:00,,unreviewed,Awaiting manual review
smouellet/hhdas,hhdas,"Notebooks to accompany manuscript submission ""Previously hidden landslide processes revealed using distributed acoustic sensing with nanostrain-rate sensitivity""",https://github.com/smouellet/hhdas,6,"""distributed acoustic sensing"" in:name,description,readme",github-search,2026-08-03T10:30:30+00:00,,unreviewed,Awaiting manual review
solvithrastar/DAS_Auto,DAS_Auto,,https://github.com/solvithrastar/DAS_Auto,12,"""distributed acoustic sensing"" in:name,description,readme",github-search,2026-08-03T10:30:30+00:00,,unreviewed,Awaiting manual review
StepsEight/TrafficMonitoringDAS,TrafficMonitoringDAS,Open-source data for traffic monitoring using distributed acoustic sensing in busy traffic environment,https://github.com/StepsEight/TrafficMonitoringDAS,4,"""distributed acoustic sensing"" in:name,description,readme",github-search,2026-08-03T10:30:30+00:00,,unreviewed,Awaiting manual review
subsurface4d/GenericCable,GenericCable, Generic cable class for Distributed Acoustic Sensing (DAS) data      modeling (forward) and inversion (adjoint).,https://github.com/subsurface4d/GenericCable,22,"""distributed acoustic sensing"" in:name,description,readme",github-search,2026-08-03T10:30:30+00:00,generic-cable,watchlist,"Reusable and DAS-specific, but no clear repository license was found during initial review."
sunxy379/paper2025_gji,paper2025_gji,codes used in the manuscript named Near-Surface Imaging of Urban Environments Using Distributed Acoustic Sensing (DAS) and Finite Element Method (FEM) Model,https://github.com/sunxy379/paper2025_gji,4,"""distributed acoustic sensing"" in:name,description,readme",github-search,2026-08-03T10:30:30+00:00,,unreviewed,Awaiting manual review
syyuan93/das_veh,das_veh,Automated and Continuous Near-surface characterization Using Vehicle-induced DAS signals,https://github.com/syyuan93/das_veh,22,"""distributed acoustic sensing"" in:name,description,readme",github-search,2026-08-03T10:30:30+00:00,,unreviewed,Awaiting manual review
Tarrucks/exi-airflow-demo,exi-airflow-demo,,https://github.com/Tarrucks/exi-airflow-demo,0,"""distributed fiber optic sensing"" in:name,description,readme",github-search,2026-08-03T10:30:30+00:00,,unreviewed,Awaiting manual review
tbneilsen/underwater-acoustics-data-processing,underwater-acoustics-data-processing,"Codes and Video from the Webinar at the virtual meeting of the Acoustical Society of America, November 2024.",https://github.com/tbneilsen/underwater-acoustics-data-processing,6,"""distributed acoustic sensing"" in:name,description,readme",github-search,2026-08-03T10:30:30+00:00,,unreviewed,Awaiting manual review
TCCS-CODES/dasdenoising,dasdenoising,This package is used to store the reproducible and open-access scripts for denoising the FORGE DAS dataset,https://github.com/TCCS-CODES/dasdenoising,26,"""distributed acoustic sensing"" in:name,description,readme",github-search,2026-08-03T10:30:30+00:00,,unreviewed,Awaiting manual review
TCCS-CODES/dasmrrcoh,dasmrrcoh,,https://github.com/TCCS-CODES/dasmrrcoh,8,"""distributed acoustic sensing"" in:name,description,readme",github-search,2026-08-03T10:30:30+00:00,,unreviewed,Awaiting manual review
TCCS-CODES/sigrecover,sigrecover,A package for recovering weak signals from noise in distributed acoustic sensing,https://github.com/TCCS-CODES/sigrecover,10,"""distributed acoustic sensing"" in:name,description,readme",github-search,2026-08-03T10:30:30+00:00,,unreviewed,Awaiting manual review
theinlinaung2010/PhD-Dissertation,PhD-Dissertation,Repository for tracking LaTex files and figures for my PhD dissertation.,https://github.com/theinlinaung2010/PhD-Dissertation,1,"""distributed fiber optic sensing"" in:name,description,readme",github-search,2026-08-03T10:30:30+00:00,,unreviewed,Awaiting manual review
TTMuTian/itm,itm,Dataset and code for Intelligent Traffic Monitoring with Distributed Acoustic Sensing,https://github.com/TTMuTian/itm,20,"""distributed acoustic sensing"" in:name,description,readme",github-search,2026-08-03T10:30:30+00:00,,unreviewed,Awaiting manual review
UAH-PSI/das-vessel-detection,das-vessel-detection,Source code and data information for the PSI system for vessel detection and localization using DAS,https://github.com/UAH-PSI/das-vessel-detection,6,"""distributed acoustic sensing"" in:name,description,readme",github-search,2026-08-03T10:30:30+00:00,,unreviewed,Awaiting manual review
unpatentable/innovation-helical-multi-modal-fiber-network-for-real-time-tunnel-collapse-precursor-detect,innovation-helical-multi-modal-fiber-network-for-real-time-tunnel-collapse-precursor-detect,Helical Multi-Modal Fiber Network for Real-Time Tunnel Collapse Precursor Detection Using Stress-Wave Tomography — a defensive publication hosted by Unpatentable.org.,https://github.com/unpatentable/innovation-helical-multi-modal-fiber-network-for-real-time-tunnel-collapse-precursor-detect,0,"""distributed fiber optic sensing"" in:name,description,readme",github-search,2026-08-03T10:30:30+00:00,,unreviewed,Awaiting manual review
unpatentable/innovation-paint-on-metamaterial-stress-sensing-networks-for-real-time-infrastructure-failu,innovation-paint-on-metamaterial-stress-sensing-networks-for-real-time-infrastructure-failu,Paint-On Metamaterial Stress Sensing Networks for Real-Time Infrastructure Failure Prediction — a defensive publication hosted by Unpatentable.org.,https://github.com/unpatentable/innovation-paint-on-metamaterial-stress-sensing-networks-for-real-time-infrastructure-failu,0,"""distributed fiber optic sensing"" in:name,description,readme",github-search,2026-08-03T10:30:30+00:00,,unreviewed,Awaiting manual review
uwfiberlab/FM_Segmentation_DAS,FM_Segmentation_DAS,Repository dedicated to the creation of a segmentation subsection for a Distributed Acoustic Sensing (DAS) machine learning foundation model.,https://github.com/uwfiberlab/FM_Segmentation_DAS,4,"""distributed acoustic sensing"" in:name,description,readme",github-search,2026-08-03T10:30:30+00:00,,unreviewed,Awaiting manual review
uwfiberlab/OOI_DAS_2024,OOI_DAS_2024,OOI DAS data examples and cable information,https://github.com/uwfiberlab/OOI_DAS_2024,5,"""distributed acoustic sensing"" in:name,description,readme",github-search,2026-08-03T10:30:30+00:00,,unreviewed,Awaiting manual review
wallacedos/SWPVPSEKMInv,SWPVPSEKMInv,The code package is expected to solve the mode-losses and mode-aliases of the inversion for the multimodal surface wave dispersion curves.,https://github.com/wallacedos/SWPVPSEKMInv,38,"""distributed acoustic sensing"" in:name,description,readme",github-search,2026-08-03T10:30:30+00:00,,unreviewed,Awaiting manual review
wtrainor/UNET_DAS,UNET_DAS,"Codes for running UNet on RTM images seen in Jreij, S., Trainor-Guitton, W., Morphew, M., and Lim Chen Ning, I., 2021, The Value of Information from Horizontal Distributed Acoustic Sensing Compared to Multicomponent Geophones via Machine Learning: Journal of Energy Resources Technology, v. 143, doi: https://doi.org/10.1115/1.4048051.",https://github.com/wtrainor/UNET_DAS,5,"""distributed acoustic sensing"" in:name,description,readme",github-search,2026-08-03T10:30:30+00:00,,unreviewed,Awaiting manual review
xdas-dev/xdas,xdas,Python framework for Distributed Acoustic Sensing (DAS).,https://github.com/xdas-dev/xdas,73,"""distributed acoustic sensing"" in:name,description,readme;topic:distributed-acoustic-sensing",github-search,2026-08-03T10:30:30+00:00,xdas,included,Reusable DAS-specific framework with GPL-3.0 licensing and package releases.
Xinxin-He/OpenDAS-Stream,OpenDAS-Stream,"A high-performance, GPU-accelerated streaming analytics framework for processing TB scale Distributed Acoustic Sensing (DAS) data.",https://github.com/Xinxin-He/OpenDAS-Stream,0,topic:distributed-acoustic-sensing,github-search,2026-08-03T10:30:30+00:00,,unreviewed,Awaiting manual review
YangLiuqing-add/DAS-FCDNet,DAS-FCDNet,,https://github.com/YangLiuqing-add/DAS-FCDNet,3,"""distributed acoustic sensing"" in:name,description,readme",github-search,2026-08-03T10:30:30+00:00,,unreviewed,Awaiting manual review
YangLiuqing-add/SLKNet,SLKNet,A supervised -learning-based framework for DAS data denoising.,https://github.com/YangLiuqing-add/SLKNet,5,"""distributed acoustic sensing"" in:name,description,readme",github-search,2026-08-03T10:30:30+00:00,,unreviewed,Awaiting manual review
yanyangg/SiteAmplification,SiteAmplification,Calculate site amplification given a 1D model including body and surface waves,https://github.com/yanyangg/SiteAmplification,6,"""distributed acoustic sensing"" in:name,description,readme",github-search,2026-08-03T10:30:30+00:00,,unreviewed,Awaiting manual review
ymustc/mursense-public,mursense-public,Conversational AI agent for DAS bridge structural health monitoring,https://github.com/ymustc/mursense-public,2,topic:distributed-acoustic-sensing,github-search,2026-08-03T10:30:30+00:00,,unreviewed,Awaiting manual review
yohanesnuwara/DASLab,DASLab,Distributed acoustic sensing lab developed @ RITE CO2 Storage Research Group,https://github.com/yohanesnuwara/DASLab,76,"""distributed acoustic sensing"" in:name,description,readme",github-search,2026-08-03T10:30:30+00:00,,unreviewed,Awaiting manual review
YuzeHao2023/daily-arxiv-ai4cheme,daily-arxiv-ai4cheme,🎓Automatically Update AI4Chemical-Engineering Papers Daily using Github Actions,https://github.com/YuzeHao2023/daily-arxiv-ai4cheme,11,"""distributed fiber optic sensing"" in:name,description,readme",github-search,2026-08-03T10:30:30+00:00,,unreviewed,Awaiting manual review
YuzeHao2023/daily-arxiv-ai4geo,daily-arxiv-ai4geo,🎓Automatically Update AI4Geo Papers Daily using Github Actions,https://github.com/YuzeHao2023/daily-arxiv-ai4geo,3,"""distributed fiber optic sensing"" in:name,description,readme",github-search,2026-08-03T10:30:30+00:00,,unreviewed,Awaiting manual review
yyysjz1997/Awesome-TimeSeries-SpatioTemporal-Diffusion-Model,Awesome-TimeSeries-SpatioTemporal-Diffusion-Model,"A survey and paper list of current Diffusion Model for Time Series and SpatioTemporal Data with awesome resources (paper, application, review, survey, etc.).",https://github.com/yyysjz1997/Awesome-TimeSeries-SpatioTemporal-Diffusion-Model,1005,"""distributed acoustic sensing"" in:name,description,readme",github-search,2026-08-03T10:30:30+00:00,,unreviewed,Awaiting manual review
zackspica/Gridded-SlantStack,Gridded-SlantStack,Gridded Slant Stack (GSS) to extract surface waves from DAS recordings. ,https://github.com/zackspica/Gridded-SlantStack,8,"""distributed acoustic sensing"" in:name,description,readme",github-search,2026-08-03T10:30:30+00:00,,unreviewed,Awaiting manual review
zhangrite/Dataset2019WR024794,Dataset2019WR024794,"Dataset for the manuscript,""Distributed Fiber Optic Sensing System for Well-based Monitoring Water Injection Tests-A Geomechanical Responses Perspective"" [2019WR024794], submitted to the Water Resource Research journal.",https://github.com/zhangrite/Dataset2019WR024794,2,"""distributed fiber optic sensing"" in:name,description,readme",github-search,2026-08-03T10:30:30+00:00,,unreviewed,Awaiting manual review
