id,name,status,decision_reason,primary_category,description,repository,repository_url,homepage,license_spdx,capabilities,language,created_at,pushed_at,latest_release_at,project_age_days,days_since_push,days_since_release,archived,has_docs,has_tests,has_ci,pypi_packages,conda_packages,julia_packages
das-anomaly,das-anomaly,included,Reusable DAS-specific package explicitly licensed under LGPL-3.0.,machine-learning-detection,Anomaly-detection methods and workflows for DAS datasets.,DASDAE/das-anomaly,https://github.com/DASDAE/das-anomaly,,LGPL-3.0-only,anomaly-detection;machine-learning;processing,Python,2024-07-03T00:33:26Z,2025-12-10T22:43:06Z,2025-12-09T18:23:42Z,761,236,237,False,True,True,True,das-anomaly,,
das-metadata,DAS metadata tools,watchlist,"Highly relevant, but the detected CC BY license does not clearly establish an OSI software license for the code.",interoperability,Community tools and examples for standardizing DAS metadata.,DAS-RCN/DAS_metadata,https://github.com/DAS-RCN/DAS_metadata,,CC-BY-4.0,interoperability;metadata,,2022-08-23T23:47:50Z,2025-02-24T00:14:30Z,,1441,525,,False,False,False,True,,,
das-realtime,DAS-realtime,included,Reusable DAS-specific framework with GPL-3.0 licensing and an operational interface.,machine-learning-detection,Real-time DAS processing components for operational earthquake monitoring.,Caltech-DASHub/DAS-realtime,https://github.com/Caltech-DASHub/DAS-realtime,,GPL-3.0-only,machine-learning;phase-picking;seismology;streaming,Python,2024-07-11T20:09:10Z,2026-04-06T23:44:42Z,,753,119,,False,False,False,False,,,
das4whales,DAS4Whales,watchlist,"Relevant reusable package, but its CC BY-NC-SA license is source-available rather than OSI-approved open source.",application-domain,DAS processing and visualization for marine bioacoustics.,DAS4Whales/DAS4Whales,https://github.com/DAS4Whales/DAS4Whales,https://das4whales.readthedocs.io,CC-BY-NC-SA-4.0,bioacoustics;detection;io;processing;visualization,Python,2023-02-21T19:26:59Z,2026-07-31T21:37:14Z,2026-07-06T14:57:16Z,1259,3,28,False,True,True,True,das4whales,,
dascore,DASCore,included,Reusable DAS-specific library with documented LGPL-3.0-or-later licensing and package releases.,core-framework,"General data model, I/O, processing, and visualization for distributed fiber sensing.",DASDAE/dascore,https://github.com/DASDAE/dascore,https://dascore.org,LGPL-3.0-or-later,data-management;data-model;io;processing;visualization,Python,2021-10-29T15:34:47Z,2026-08-03T06:27:25Z,2026-07-25T10:46:45Z,1739,0,9,False,True,True,True,dascore,conda-forge/dascore,
dasexplorer,DASexplorer,included,Reusable DAS application explicitly licensed under GPL-3.0-or-later.,visualization-annotation,"Desktop application for DAS visualization, filtering, picking, and annotation.",sermomon/DASexplorer,https://github.com/sermomon/DASexplorer,https://sermomon.github.io/DASexplorer/,GPL-3.0-or-later,annotation;desktop-application;io;processing;visualization,Python,2026-06-23T09:38:38Z,2026-07-15T09:22:36Z,2026-07-10T10:50:42Z,41,19,24,False,False,False,False,dasexplorer,,
dasmasw,dasmasw,included,Reusable DAS-specific Python library with an MIT license.,processing,Multichannel analysis of surface waves specialized for DAS data.,DASDAE/dasmasw,https://github.com/DASDAE/dasmasw,,MIT,processing;surface-waves;visualization,,2024-04-08T16:12:01Z,2024-04-08T16:14:51Z,,847,847,,False,False,False,False,,,
daspack,DASPack,included,Reusable DAS-specific compressor with a BSD-3-Clause license and package release.,compression-storage,Lossless and fixed-accuracy lossy compression for large DAS datasets.,asleix/daspack,https://github.com/asleix/daspack,,BSD-3-Clause,compression;io;streaming,Rust,2025-07-11T15:05:39Z,2025-10-16T15:06:21Z,,388,291,,False,True,True,False,daspack-dev,,
daspy,DASPy,included,"Reusable DAS-specific toolbox with an MIT license, documentation, and package releases.",processing,Python toolbox for DAS seismology and common array-processing workflows.,HMZ-03/DASPy,https://github.com/HMZ-03/DASPy,https://daspy-tutorial.readthedocs.io,MIT,io;processing;seismology;visualization,Jupyter Notebook,2024-03-27T10:47:41Z,2026-06-26T01:35:20Z,2026-06-26T01:36:36Z,859,38,38,False,False,False,True,daspy-toolbox,conda-forge/daspy-toolbox,
dasstore,DASstore,included,Reusable DAS storage software with GPL-3.0 licensing.,compression-storage,Object-storage and data-access tools designed for DAS datasets.,niyiyu/DASstore,https://github.com/niyiyu/DASstore,,GPL-3.0-only,data-management;io;object-storage,Jupyter Notebook,2022-11-15T21:58:19Z,2026-05-08T00:37:48Z,2024-09-24T20:37:04Z,1357,87,678,False,False,True,True,,,
dasvader,DASVader.jl,included,Reusable DAS-specific Julia library with an MIT license.,core-framework,"Julia framework for loading, processing, and analyzing DAS data.",marianoarnaiz/DASvader.jl,https://github.com/marianoarnaiz/DASvader.jl,,MIT,io;processing;visualization,Julia,2024-12-02T15:08:03Z,2026-07-03T19:57:37Z,,609,31,,False,False,False,False,,,DASVader
distpy,distpy,included,Reusable DAS processing package with an MIT license and PyPI releases.,processing,"Branched, scalable processing flows for distributed fiber-optic sensor data.",Schlumberger/distpy,https://github.com/Schlumberger/distpy,,MIT,parallel-computing;pipelines;processing;visualization,Jupyter Notebook,2020-01-20T10:14:57Z,2022-11-08T21:56:35Z,,2387,1364,,False,True,False,False,distpy,,
eqnet,EQNet / PhaseNet-DAS,watchlist,"Scientifically important DAS functionality, but the custom academic/commercial license is not OSI-approved.",machine-learning-detection,Deep-learning earthquake detection and phase picking with DAS support.,AI4EPS/EQNet,https://github.com/AI4EPS/EQNet,,LicenseRef-Academic-Commercial,detection;machine-learning;phase-picking;seismology,Jupyter Notebook,2022-07-18T21:30:56Z,2026-03-22T05:04:12Z,2023-10-26T07:25:18Z,1477,134,1012,False,True,True,True,,,
generic-cable,GenericCable,watchlist,"Reusable and DAS-specific, but no clear repository license was found during initial review.",modeling,Forward and adjoint modeling for fiber-optic cable responses.,subsurface4d/GenericCable,https://github.com/subsurface4d/GenericCable,,,inversion;modeling,Python,2023-12-18T15:52:47Z,2024-08-07T13:41:22Z,,959,726,,False,True,False,False,,,
idas-convert,idas-convert,included,Reusable DAS conversion tool with GPL-3.0 licensing.,data-management,Conversion of Silixa iDAS TDMS data into established seismic formats.,pyrocko/idas-convert,https://github.com/pyrocko/idas-convert,,GPL-3.0-only,conversion;data-management;io,Python,2021-09-21T09:24:40Z,2021-11-16T15:12:03Z,,1777,1721,,False,False,True,False,,,
intro-to-das,IntroToDASData,excluded,"Tutorial material rather than a reusable software package, CLI, framework, or application.",tutorial,Introductory notebooks for reading and working with DAS data.,DAS-RCN/IntroToDASData,https://github.com/DAS-RCN/IntroToDASData,,BSD-3-Clause,education;io;visualization,,,,,,,,,,,,,,
jdas,jDAS,included,Reusable DAS denoising implementation with an MIT license.,machine-learning-detection,Coherence-based deep-learning denoising for DAS data.,martijnende/jDAS,https://github.com/martijnende/jDAS,,MIT,denoising;machine-learning;processing,Python,2021-08-21T13:35:25Z,2022-10-12T17:13:36Z,2021-09-08T14:14:43Z,1808,1391,1790,False,True,True,False,,,
lightguide,lightguide,included,Reusable DAS-specific Python library under GPL-3.0.,processing,"DAS handling, filtering, and forward modeling integrated with Pyrocko.",pyrocko/lightguide,https://github.com/pyrocko/lightguide,https://pyrocko.org,GPL-3.0-only,denoising;io;modeling;processing;visualization,Python,2022-05-24T10:29:43Z,2024-10-29T11:09:07Z,2023-04-14T11:41:09Z,1532,643,1207,False,False,True,True,lightguide,,
mldas,MLDAS,included,"Reusable DAS machine-learning package under the Lawrence Berkeley National Labs BSD variant, an OSI-approved license that GitHub cannot auto-detect.",machine-learning-detection,Machine-learning tools for DAS data.,DAS-RCN/mldas,https://github.com/DAS-RCN/mldas,,BSD-3-Clause-LBNL,detection;machine-learning;processing,Python,2021-08-19T17:07:39Z,2021-08-19T18:07:04Z,,1810,1810,,False,True,False,False,mldas,,
pyseafom,pySEAFOM,included,Reusable benchmarking package under the MIT license.,benchmarking,Reproducible performance evaluation for DAS and other fiber-optic interrogators.,SEAFOM-Fiber-Optic-Monitoring-Group/pySEAFOM,https://github.com/SEAFOM-Fiber-Optic-Monitoring-Group/pySEAFOM,https://seafom-fiber-optic-monitoring-group.github.io/pySEAFOM/,MIT,benchmarking;interrogator-evaluation;visualization,Jupyter Notebook,2025-07-13T10:54:17Z,2026-03-21T16:38:35Z,2026-03-21T16:23:21Z,386,135,135,False,True,False,True,pySEAFOM,,
remi-das,ReMi-DAS,included,Reusable DAS-specific processing toolkit with GPL-3.0 licensing.,processing,Refraction microtremor analysis specialized for DAS recordings.,Shihao-Yuan/ReMi-DAS,https://github.com/Shihao-Yuan/ReMi-DAS,,GPL-3.0-only,processing;surface-waves;visualization,Jupyter Notebook,2025-07-08T16:17:36Z,2026-01-08T20:34:49Z,,391,207,,False,False,False,False,,,
unidas,unidas,included,Reusable DAS interoperability package under the MIT license.,interoperability,Compatibility adapters between DAS library data structures.,DASDAE/unidas,https://github.com/DASDAE/unidas,,MIT,data-model;interoperability,Python,2024-12-12T12:42:47Z,2026-05-16T09:17:28Z,2026-05-07T15:23:21Z,599,79,88,False,False,True,True,unidas,,
xdas,xdas,included,Reusable DAS-specific framework with GPL-3.0 licensing and package releases.,core-framework,"Labeled arrays, multi-file access, streaming, and scalable processing for DAS data.",xdas-dev/xdas,https://github.com/xdas-dev/xdas,https://xdas.readthedocs.io,GPL-3.0-only,data-management;data-model;io;processing;streaming;visualization,Python,2022-11-02T12:53:53Z,2026-07-31T15:02:38Z,2026-07-31T06:57:45Z,1370,3,3,False,True,True,True,xdas,conda-forge/xdas,
