project_id,name,status,repository_url,forge_kind,forge_host,clone_result,ref,commits,first_commit_at,last_commit_at,repo_bytes,duration_s,error
a1das,a1das,watchlist,https://github.com/coutanto/a1das,github,github.com,skipped,master,52,2020-06-26T17:56:17+02:00,2023-12-18T16:28:41+01:00,110435793,1.4,
alakoro-fibersense,Alakoro FiberSense,included,https://github.com/Colombiano/Alakoro_FiberSense,github,github.com,skipped,main,23,2026-07-11T18:26:42-03:00,2026-07-18T08:33:26-03:00,238467,0.0,
cqi-das,cqi_das,included,https://github.com/B-CSI/cqi_das,github,github.com,skipped,main,44,2024-06-25T20:42:02+02:00,2025-10-21T09:52:48+01:00,41332524,0.8,
darkfiber,darkfiber,included,https://github.com/Sirkraven/darkfiber,github,github.com,skipped,main,17,2026-07-14T21:01:24-03:00,2026-07-22T07:28:06-03:00,4932571,0.0,
das-anomaly,das-anomaly,included,https://github.com/DASDAE/das-anomaly,github,github.com,skipped,main,169,2024-07-02T18:33:27-06:00,2025-12-10T15:43:00-07:00,5954830,0.1,
das-cc-gpu,DAS_CC_GPU,included,https://github.com/zhichaoshen40/DAS_CC_GPU,github,github.com,skipped,main,7,2024-04-20T17:12:35-04:00,2024-08-08T11:51:13-04:00,1364067,0.1,
das-convert-mirror,das-convert (Gitea mirror),excluded,https://git.pyrocko.org/pyrocko/das-convert,gitea,git.pyrocko.org,failed,,,,,,133.0,fatal: unable to access 'https://git.pyrocko.org/pyrocko/das-convert/': Failed to connect to git.pyrocko.org port 443 after 132972 ms: Couldn't connect to server
das-datakit,das-datakit,excluded,https://github.com/genrobot-ai/das-datakit,github,github.com,skipped,main,42,2025-11-18T22:09:17+08:00,2026-07-06T18:05:17+08:00,182719,0.0,
das-levels,DAS_levels,included,https://github.com/DAS4Whales/DAS_levels,github,github.com,skipped,main,17,2025-03-04T10:59:20-05:00,2025-03-11T17:06:07-04:00,1572236,0.1,
das-metadata,DAS metadata tools,included,https://github.com/DAS-RCN/DAS_metadata,github,github.com,skipped,main,215,2022-08-24T09:47:50+10:00,2025-02-24T11:14:29+11:00,3605102,0.0,
das-n2n,DAS-N2N-torch,included,https://github.com/sachalapins/DAS-N2N-torch,github,github.com,skipped,main,32,2025-01-20T16:23:35+00:00,2026-03-27T10:57:26+00:00,9218984,0.1,
das-realtime,DAS-realtime,included,https://github.com/Caltech-DASHub/DAS-realtime,github,github.com,skipped,main,13,2024-07-11T13:09:10-07:00,2026-01-06T08:49:34-08:00,99557,0.0,
das-sensitivity,DAS_sensitivity,included,https://github.com/olfontai/DAS_sensitivity,github,github.com,skipped,main,30,2025-10-31T15:41:07+01:00,2026-04-30T22:12:36+02:00,6088259,0.1,
das-simulator,fiberoptics-das-simulator,included,https://github.com/equinor/fiberoptics-das-simulator,github,github.com,skipped,main,230,2020-11-13T09:11:46+01:00,2026-02-17T11:13:52+01:00,649345,0.0,
das-source-locator,DASSourceLocator,included,https://github.com/leabouffaut/DASSourceLocator,github,github.com,skipped,main,16,2024-11-21T11:57:08-05:00,2024-11-21T14:08:02-05:00,5945731,0.0,
das-to-store,das-to-store,included,https://github.com/jacobrdavis/das-to-store,github,github.com,skipped,main,15,2026-05-18T18:45:17-04:00,2026-06-10T13:40:01-04:00,66839,0.0,
das-toolkit,das-toolkit,included,https://github.com/RobbinLuo/das-toolkit,github,github.com,skipped,main,9,2022-10-17T03:12:40+00:00,2022-10-31T23:43:06+08:00,4757237,0.1,
das-tools-eth,DAS_Tools,included,https://github.com/afichtner/DAS_Tools,github,github.com,skipped,master,1,2022-10-04T12:01:05+02:00,2022-10-04T12:01:05+02:00,33580,0.0,
das-vessel-detection,das-vessel-detection,included,https://github.com/UAH-PSI/das-vessel-detection,github,github.com,skipped,main,66,2025-06-06T00:36:23+02:00,2026-08-03T17:08:36+02:00,12244838,0.0,
das4whales,DAS4Whales,included,https://github.com/DAS4Whales/DAS4Whales,github,github.com,skipped,main,619,2023-02-21T14:26:24-05:00,2026-08-20T10:05:43+02:00,71081571,1.1,
dascore,DASCore,included,https://github.com/DASDAE/dascore,github,github.com,skipped,master,530,2021-12-15T08:49:20-07:00,2026-08-21T13:34:41+02:00,17468168,0.3,
dascorepy,dascorepy,included,https://github.com/DASDAE/dascorepy,github,github.com,skipped,main,5,2026-05-08T11:22:18+02:00,2026-05-08T10:50:22+01:00,49018,0.0,
daseventnet,DASEventNet,included,https://github.com/Tieyuan/DASEventNet,github,github.com,skipped,main,4,2025-04-08T13:13:26-04:00,2025-04-08T13:18:02-04:00,171775,0.0,
dasexplorer,DASexplorer,included,https://github.com/sermomon/DASexplorer,github,github.com,skipped,main,115,2026-06-27T11:41:35+02:00,2026-07-15T11:21:55+02:00,129957080,0.5,
dasgauge,dasgauge,included,https://github.com/UWGeoD/dasgauge,github,github.com,skipped,main,7,2026-07-30T23:49:01-05:00,2026-08-22T01:23:00-05:00,147006,0.0,
dasio,dasio,included,https://github.com/jxli2a/dasio,github,github.com,skipped,main,58,2026-06-25T11:41:09-05:00,2026-08-09T08:01:43-05:00,300661,0.0,
dasjax,dasjax,included,https://github.com/DASDAE/dasjax,github,github.com,skipped,main,5,2026-04-11T22:18:27+02:00,2026-04-13T21:34:43+02:00,2758438,0.0,
daslab,DASLab,included,https://github.com/yohanesnuwara/DASLab,github,github.com,skipped,main,117,2021-05-09T12:00:01+07:00,2025-08-30T10:32:19+02:00,15205612,0.2,
dasmart-infra,DASmartInfra,included,https://github.com/Pengchao-He/DASmartInfra,github,github.com,skipped,main,2,2026-08-10T02:54:57-06:00,2026-08-10T12:19:30-06:00,57746,0.0,
dasmasw,dasmasw,excluded,https://github.com/DASDAE/dasmasw,github,github.com,skipped,master,2,2024-04-08T10:12:01-06:00,2024-04-08T10:14:51-06:00,30507,0.0,
dasmatrix,DASMatrix,included,https://github.com/QIanGua/DASMatrix,github,github.com,skipped,main,66,2025-04-12T09:12:46+08:00,2026-02-28T20:16:12+08:00,49550829,0.6,
daspack,DASPack,included,https://github.com/asleix/daspack,github,github.com,skipped,main,20,2025-07-11T17:03:07+02:00,2025-10-16T16:06:15+01:00,146084,0.0,
daspy,DASPy,included,https://github.com/HMZ-03/DASPy,github,github.com,skipped,main,457,2024-03-27T17:36:22+08:00,2026-06-26T09:34:37+08:00,150728628,1.9,
dasstore,DASstore,included,https://github.com/niyiyu/DASstore,github,github.com,skipped,main,127,2022-11-15T13:58:20-08:00,2026-05-07T17:37:47-07:00,22193312,0.3,
dastools,dastools,included,https://git.gfz-potsdam.de/geofon/dastools,gitlab,git.gfz-potsdam.de,skipped,master,842,2019-06-17T01:06:48+02:00,2025-12-27T10:12:07+01:00,1087222,0.1,
dasvader,DASVader.jl,included,https://github.com/marianoarnaiz/DASvader.jl,github,github.com,skipped,main,90,2024-12-02T16:08:03+01:00,2026-07-03T21:57:36+02:00,9688789,0.1,
dasvader-ds,DASVaderDS.jl,included,https://github.com/marianoarnaiz/DASVaderDS.jl,github,github.com,skipped,main,13,2025-05-20T14:52:26+02:00,2025-05-20T16:24:10+02:00,9502013,0.0,
dasview,DASView,watchlist,https://github.com/hetinghong/DASView,github,github.com,skipped,main,11,2025-12-19T15:02:43+08:00,2025-12-27T12:17:49+08:00,6342953,0.0,
derzug,DerZug,included,https://github.com/DASDAE/derzug,github,github.com,skipped,main,57,2026-03-20T17:07:52+01:00,2026-08-13T17:11:16+02:00,5098317,0.1,
distpy,distpy,included,https://github.com/Schlumberger/distpy,github,github.com,skipped,master,64,2020-01-20T10:14:59+00:00,2022-11-08T21:54:37+00:00,1097427,0.1,
dss-analyzer,DSS_analyzer_Mariner,watchlist,https://github.com/shenyaojin/DSS_analyzer_Mariner,github,github.com,skipped,main,53,2023-10-05T18:04:02-06:00,2025-01-31T14:03:53-07:00,112083,0.0,
dts-r,dts,watchlist,https://github.com/jkennel/dts,github,github.com,skipped,master,126,2018-07-26T11:30:01-04:00,2025-11-07T16:09:01-05:00,2227393,0.0,
dtscalibration,python-dts-calibration,watchlist,https://github.com/dtscalibration/python-dts-calibration,github,github.com,skipped,main,1002,2018-08-01T00:49:53+02:00,2026-05-06T12:40:38+02:00,61936632,1.0,
edgedas,EdgeDAS,excluded,https://github.com/DASDAE/edgedas,github,github.com,skipped,master,2,2026-07-22T09:04:16-06:00,2026-07-22T09:09:36-06:00,8915382,0.0,
eqnet,EQNet / PhaseNet-DAS,included,https://github.com/AI4EPS/EQNet,github,github.com,skipped,main,265,2022-07-18T14:34:27-07:00,2026-08-17T23:44:45-07:00,34753295,0.4,
eth-das-readers,ETH_DAS_readers,included,https://github.com/dcbowden/ETH_DAS_readers,github,github.com,skipped,main,12,2023-01-31T16:31:06+01:00,2024-11-22T01:18:34+01:00,87034431,1.2,
febustools,FebusTools.jl,included,https://github.com/anowacki/FebusTools.jl,github,github.com,skipped,main,19,2023-01-25T17:51:19+00:00,2024-10-11T17:09:13+01:00,351456,0.0,
fiber-strain-modeling,horizontal-fracture-fiber-strain,included,https://github.com/Pengchao-He/horizontal-fracture-fiber-strain,github,github.com,skipped,main,1,2026-07-19T02:01:55-06:00,2026-07-19T02:01:55-06:00,6009070,0.0,
fiberis,fibeRIS,watchlist,https://github.com/shenyaojin/fibeRIS,github,github.com,skipped,main,313,2025-01-31T17:56:41-07:00,2026-07-21T10:47:10-05:00,9037298,0.1,
fiberwatch-cli,FiberWatch CLI,included,https://github.com/theBlackfish01/FiberWatchCLI,github,github.com,skipped,master,183,2025-07-07T01:50:09+05:00,2026-08-09T17:32:59+05:00,6741638,0.2,
filark,FiLark,included,https://github.com/Guoguo828/fliark,github,github.com,skipped,main,1,2026-01-25T11:15:45+08:00,2026-01-25T11:15:45+08:00,103406,0.0,
generic-cable,GenericCable,included,https://github.com/subsurface4d/GenericCable,github,github.com,skipped,main,9,2023-12-18T07:52:47-08:00,2024-08-07T08:41:21-05:00,18907301,0.1,
gridded-slant-stack,Gridded-SlantStack,included,https://github.com/zackspica/Gridded-SlantStack,github,github.com,skipped,main,17,2021-10-19T10:24:39-04:00,2021-10-19T15:13:15-04:00,49076154,0.9,
idas-convert,idas-convert,included,https://github.com/pyrocko/idas-convert,github,github.com,skipped,master,18,2021-01-14T16:30:57+01:00,2021-11-16T16:08:25+01:00,458049,0.0,
intro-to-das,IntroToDASData,excluded,https://github.com/DAS-RCN/IntroToDASData,github,github.com,skipped,master,67,2020-04-14T10:31:59-04:00,2022-01-04T01:03:35+02:00,36780841,0.6,
invisensing,invisensing,included,https://github.com/invisensing-io/python-lib,github,github.com,skipped,master,39,2024-09-13T13:13:27+02:00,2026-07-22T12:21:55+02:00,18066734,0.3,
jdas,jDAS,included,https://github.com/martijnende/jDAS,github,github.com,skipped,master,6,2021-08-21T15:35:25+02:00,2022-10-12T19:13:12+02:00,15618933,0.1,
lightguide,lightguide,included,https://github.com/pyrocko/lightguide,github,github.com,skipped,main,29,2022-05-24T14:08:36+02:00,2024-10-29T12:09:05+01:00,22192915,0.1,
mldas,MLDAS,included,https://github.com/DAS-RCN/mldas,github,github.com,skipped,master,47,2021-02-24T21:59:47-08:00,2021-08-19T11:06:51-07:00,187286,0.0,
mldas-upstream,MLDAS (GitLab upstream),excluded,https://gitlab.com/ml4science/mldas,gitlab,gitlab.com,skipped,master,55,2021-02-24T21:59:47-08:00,2022-08-08T01:18:03-07:00,251637,0.0,
multi-res-viewer,MultiResViewer,included,https://github.com/DASDAE/MultiResViewer,github,github.com,skipped,main,13,2023-07-08T18:08:31+08:00,2023-10-16T21:24:23-06:00,887877,0.0,
opendas-stream,OpenDAS-Stream,watchlist,https://github.com/Xinxin-He/OpenDAS-Stream,github,github.com,skipped,main,17,2026-03-03T17:30:40-05:00,2026-03-03T18:09:00-05:00,1389220,0.0,
optixutils,OptixUtils,included,https://github.com/uqzzhao/OptixUtils,github,github.com,skipped,main,2,2026-01-18T17:40:59+08:00,2026-01-18T18:43:57+08:00,2941850,0.0,
optodas-processor,OptoDAS_processor,included,https://github.com/speleos/OptoDAS_processor,github,github.com,skipped,main,55,2026-03-30T17:37:19+01:00,2026-06-11T16:10:38+01:00,1560729,0.0,
pyfocs,pyfocs,watchlist,https://github.com/klapo/pyfocs,github,github.com,skipped,main,506,2018-01-08T15:46:08+01:00,2023-05-09T17:50:10+02:00,190463510,3.0,
pyseafom,pySEAFOM,included,https://github.com/SEAFOM-Fiber-Optic-Monitoring-Group/pySEAFOM,github,github.com,skipped,main,72,2025-07-13T05:54:17-05:00,2026-03-21T11:38:30-05:00,68420742,0.1,
pyseistr,pyseistr,excluded,https://github.com/aaspip/pyseistr,github,github.com,skipped,main,179,2022-04-25T11:12:01-05:00,2026-03-02T13:33:23-06:00,605524,0.1,
remi-das,ReMi-DAS,included,https://github.com/Shihao-Yuan/ReMi-DAS,github,github.com,skipped,main,15,2025-07-08T10:17:37-06:00,2026-01-09T09:34:23+13:00,96115599,0.5,
rnn-das,RNN-DAS,included,https://github.com/Javier-FernandezCarabantes/RNN-DAS,github,github.com,skipped,main,172,2025-01-30T13:10:20+01:00,2026-07-06T19:01:31+02:00,56551934,0.6,
seisbench,SeisBench,excluded,https://github.com/seisbench/seisbench,github,github.com,skipped,main,1133,2020-11-12T17:25:22+01:00,2026-08-19T10:56:45+02:00,80213200,0.8,
sigrecover,sigrecover,included,https://github.com/TCCS-CODES/sigrecover,github,github.com,skipped,main,9,2024-07-31T16:02:30-05:00,2024-07-31T17:50:17-05:00,36960803,0.1,
silixa-dts-tools,Silixa_DTS_Tools,watchlist,https://github.com/LeemanGeophysicalLLC/Silixa_DTS_Tools,github,github.com,skipped,main,1,2025-11-14T08:39:21-06:00,2025-11-14T08:39:21-06:00,31371,0.0,
simpledas,simpleDAS,included,https://github.com/ASN-Norway/simpleDAS,github,github.com,skipped,master,16,2022-10-03T15:40:37+02:00,2024-05-28T13:34:28+02:00,9247243,0.1,
spool-processing,SpoolProcessing,included,https://github.com/DASDAE/SpoolProcessing,github,github.com,skipped,master,20,2023-06-17T10:00:42-06:00,2023-10-16T11:18:13-06:00,192837,0.0,
swfscdas,swfscDAS,excluded,https://github.com/SWFSC/swfscDAS,github,github.com,skipped,main,325,2019-10-29T12:10:04-07:00,2026-07-27T18:18:34-07:00,7852595,0.1,
swpvpsekminv,SWPVPSEKMInv,excluded,https://github.com/wallacedos/SWPVPSEKMInv,github,github.com,skipped,master,7,2022-05-10T21:31:49+08:00,2023-09-06T12:45:30+08:00,21864145,0.1,
treble-sdk,TrebleSDK,included,https://github.com/terra15collab/TrebleSDK,github,github.com,skipped,main,31,2023-02-23T12:48:20+08:00,2026-02-04T12:17:19+08:00,16119203,0.1,
unidas,unidas,included,https://github.com/DASDAE/unidas,github,github.com,skipped,main,13,2024-12-10T15:32:31-08:00,2026-05-16T11:17:28+02:00,1361537,0.0,
xdas,xdas,included,https://github.com/xdas-dev/xdas,github,github.com,skipped,main,1124,2022-11-03T09:12:25+01:00,2026-07-31T08:56:08+02:00,6006343,0.2,
xpick,Xpick,included,https://github.com/xdas-dev/xpick,github,github.com,skipped,main,52,2024-01-17T09:01:41+01:00,2024-11-15T11:32:31+01:00,1644791,0.0,
