project_id,package,dependency,requirement,marker,dependency_project_id,source_url,fetched_at
das4whales,das4whales,cmocean,,,,https://pypi.org/pypi/das4whales/json,2026-08-20T15:30:19+00:00
das4whales,das4whales,dask,,,,https://pypi.org/pypi/das4whales/json,2026-08-20T15:30:19+00:00
das4whales,das4whales,datetime,,,,https://pypi.org/pypi/das4whales/json,2026-08-20T15:30:19+00:00
das4whales,das4whales,deprecation,,,,https://pypi.org/pypi/das4whales/json,2026-08-20T15:30:19+00:00
das4whales,das4whales,h5py,,,,https://pypi.org/pypi/das4whales/json,2026-08-20T15:30:19+00:00
das4whales,das4whales,librosa,,,,https://pypi.org/pypi/das4whales/json,2026-08-20T15:30:19+00:00
das4whales,das4whales,matplotlib,,,,https://pypi.org/pypi/das4whales/json,2026-08-20T15:30:19+00:00
das4whales,das4whales,netcdf4,,,,https://pypi.org/pypi/das4whales/json,2026-08-20T15:30:19+00:00
das4whales,das4whales,nptdms,,,,https://pypi.org/pypi/das4whales/json,2026-08-20T15:30:19+00:00
das4whales,das4whales,numpy,,,,https://pypi.org/pypi/das4whales/json,2026-08-20T15:30:19+00:00
das4whales,das4whales,numpydoc,,,,https://pypi.org/pypi/das4whales/json,2026-08-20T15:30:19+00:00
das4whales,das4whales,opencv-python,,,,https://pypi.org/pypi/das4whales/json,2026-08-20T15:30:19+00:00
das4whales,das4whales,pandas,,,,https://pypi.org/pypi/das4whales/json,2026-08-20T15:30:19+00:00
das4whales,das4whales,pyproj,,,,https://pypi.org/pypi/das4whales/json,2026-08-20T15:30:19+00:00
das4whales,das4whales,pytest,,,,https://pypi.org/pypi/das4whales/json,2026-08-20T15:30:19+00:00
das4whales,das4whales,scikit-image,,,,https://pypi.org/pypi/das4whales/json,2026-08-20T15:30:19+00:00
das4whales,das4whales,scipy,,,,https://pypi.org/pypi/das4whales/json,2026-08-20T15:30:19+00:00
das4whales,das4whales,sparse,,,,https://pypi.org/pypi/das4whales/json,2026-08-20T15:30:19+00:00
das4whales,das4whales,tqdm,,,,https://pypi.org/pypi/das4whales/json,2026-08-20T15:30:19+00:00
das4whales,das4whales,wget,,,,https://pypi.org/pypi/das4whales/json,2026-08-20T15:30:19+00:00
das4whales,das4whales,xarray,,,,https://pypi.org/pypi/das4whales/json,2026-08-20T15:30:19+00:00
dascore,dascore,h5py,,,,https://pypi.org/pypi/dascore/json,2026-08-20T15:30:19+00:00
dascore,dascore,matplotlib,>=3.10,,,https://pypi.org/pypi/dascore/json,2026-08-20T15:30:19+00:00
dascore,dascore,numpy,>=1.24,,,https://pypi.org/pypi/dascore/json,2026-08-20T15:30:19+00:00
dascore,dascore,packaging,,,,https://pypi.org/pypi/dascore/json,2026-08-20T15:30:19+00:00
dascore,dascore,pandas,>=2.0,,,https://pypi.org/pypi/dascore/json,2026-08-20T15:30:19+00:00
dascore,dascore,pint,,,,https://pypi.org/pypi/dascore/json,2026-08-20T15:30:19+00:00
dascore,dascore,pooch,>=1.2,,,https://pypi.org/pypi/dascore/json,2026-08-20T15:30:19+00:00
dascore,dascore,pydantic,>2.1,,,https://pypi.org/pypi/dascore/json,2026-08-20T15:30:19+00:00
dascore,dascore,rich,,,,https://pypi.org/pypi/dascore/json,2026-08-20T15:30:19+00:00
dascore,dascore,scipy,>=1.15,,,https://pypi.org/pypi/dascore/json,2026-08-20T15:30:19+00:00
dascore,dascore,tables,>=3.7,,,https://pypi.org/pypi/dascore/json,2026-08-20T15:30:19+00:00
dascore,dascore,typing-extensions,>=4.12,,,https://pypi.org/pypi/dascore/json,2026-08-20T15:30:19+00:00
dasexplorer,dasexplorer,das4whales,>=0.1,,das4whales,https://pypi.org/pypi/dasexplorer/json,2026-08-20T15:30:19+00:00
dasexplorer,dasexplorer,h5py,>=3.7,,,https://pypi.org/pypi/dasexplorer/json,2026-08-20T15:30:19+00:00
dasexplorer,dasexplorer,matplotlib,>=3.5,,,https://pypi.org/pypi/dasexplorer/json,2026-08-20T15:30:19+00:00
dasexplorer,dasexplorer,numpy,>=1.22,,,https://pypi.org/pypi/dasexplorer/json,2026-08-20T15:30:19+00:00
dasexplorer,dasexplorer,pillow,>=9.0,,,https://pypi.org/pypi/dasexplorer/json,2026-08-20T15:30:19+00:00
dasexplorer,dasexplorer,pyqt5,>=5.15,,,https://pypi.org/pypi/dasexplorer/json,2026-08-20T15:30:19+00:00
dasexplorer,dasexplorer,pyqtgraph,>=0.13,,,https://pypi.org/pypi/dasexplorer/json,2026-08-20T15:30:19+00:00
dasexplorer,dasexplorer,pyyaml,>=6.0,,,https://pypi.org/pypi/dasexplorer/json,2026-08-20T15:30:19+00:00
dasexplorer,dasexplorer,scipy,>=1.9,,,https://pypi.org/pypi/dasexplorer/json,2026-08-20T15:30:19+00:00
daspack,daspack-dev,numpy,>=1.24,,,https://pypi.org/pypi/daspack-dev/json,2026-08-20T15:30:19+00:00
daspy,DASPy-toolbox,geographiclib,,,,https://pypi.org/pypi/daspy-toolbox/json,2026-08-20T15:30:19+00:00
daspy,DASPy-toolbox,h5py,,,,https://pypi.org/pypi/daspy-toolbox/json,2026-08-20T15:30:19+00:00
daspy,DASPy-toolbox,matplotlib,,,,https://pypi.org/pypi/daspy-toolbox/json,2026-08-20T15:30:19+00:00
daspy,DASPy-toolbox,nptdms,,,,https://pypi.org/pypi/daspy-toolbox/json,2026-08-20T15:30:19+00:00
daspy,DASPy-toolbox,numpy,,,,https://pypi.org/pypi/daspy-toolbox/json,2026-08-20T15:30:19+00:00
daspy,DASPy-toolbox,pyproj,,,,https://pypi.org/pypi/daspy-toolbox/json,2026-08-20T15:30:19+00:00
daspy,DASPy-toolbox,scipy,>=1.13,,,https://pypi.org/pypi/daspy-toolbox/json,2026-08-20T15:30:19+00:00
daspy,DASPy-toolbox,segyio,,,,https://pypi.org/pypi/daspy-toolbox/json,2026-08-20T15:30:19+00:00
daspy,DASPy-toolbox,tqdm,,,,https://pypi.org/pypi/daspy-toolbox/json,2026-08-20T15:30:19+00:00
dastools,dastools,click,,,,https://pypi.org/pypi/dastools/json,2026-08-20T15:30:19+00:00
dastools,dastools,fastapi,,,,https://pypi.org/pypi/dastools/json,2026-08-20T15:30:19+00:00
dastools,dastools,h5py,,,,https://pypi.org/pypi/dastools/json,2026-08-20T15:30:19+00:00
dastools,dastools,httpx,,,,https://pypi.org/pypi/dastools/json,2026-08-20T15:30:19+00:00
dastools,dastools,jinja2,,,,https://pypi.org/pypi/dastools/json,2026-08-20T15:30:19+00:00
dastools,dastools,jsonschema,,,,https://pypi.org/pypi/dastools/json,2026-08-20T15:30:19+00:00
dastools,dastools,numpy,,,,https://pypi.org/pypi/dastools/json,2026-08-20T15:30:19+00:00
dastools,dastools,obspy,,,,https://pypi.org/pypi/dastools/json,2026-08-20T15:30:19+00:00
dastools,dastools,pydantic,>=2,,,https://pypi.org/pypi/dastools/json,2026-08-20T15:30:19+00:00
dastools,dastools,pytest-cov,,,,https://pypi.org/pypi/dastools/json,2026-08-20T15:30:19+00:00
dastools,dastools,scipy,,,,https://pypi.org/pypi/dastools/json,2026-08-20T15:30:19+00:00
dastools,dastools,sphinx,,,,https://pypi.org/pypi/dastools/json,2026-08-20T15:30:19+00:00
dastools,dastools,tqdm,,,,https://pypi.org/pypi/dastools/json,2026-08-20T15:30:19+00:00
dastools,dastools,uvicorn,,,,https://pypi.org/pypi/dastools/json,2026-08-20T15:30:19+00:00
derzug,derzug,dascore,>=0.1.15,,dascore,https://pypi.org/pypi/derzug/json,2026-08-20T15:30:19+00:00
derzug,derzug,orange3,,,,https://pypi.org/pypi/derzug/json,2026-08-20T15:30:19+00:00
derzug,derzug,pyqt6,!=6.8.*,,,https://pypi.org/pypi/derzug/json,2026-08-20T15:30:19+00:00
derzug,derzug,pyqtgraph,,,,https://pypi.org/pypi/derzug/json,2026-08-20T15:30:19+00:00
derzug,derzug,typer,,,,https://pypi.org/pypi/derzug/json,2026-08-20T15:30:19+00:00
distpy,distpy,h5py,,,,https://pypi.org/pypi/distpy/json,2026-08-20T15:30:19+00:00
distpy,distpy,matplotlib,,,,https://pypi.org/pypi/distpy/json,2026-08-20T15:30:19+00:00
distpy,distpy,numba,,,,https://pypi.org/pypi/distpy/json,2026-08-20T15:30:19+00:00
distpy,distpy,numpy,,,,https://pypi.org/pypi/distpy/json,2026-08-20T15:30:19+00:00
distpy,distpy,pandas,,,,https://pypi.org/pypi/distpy/json,2026-08-20T15:30:19+00:00
distpy,distpy,scikit-learn,,,,https://pypi.org/pypi/distpy/json,2026-08-20T15:30:19+00:00
distpy,distpy,scipy,,,,https://pypi.org/pypi/distpy/json,2026-08-20T15:30:19+00:00
dtscalibration,dtscalibration,dask,,,,https://pypi.org/pypi/dtscalibration/json,2026-08-20T15:30:19+00:00
dtscalibration,dtscalibration,matplotlib,,,,https://pypi.org/pypi/dtscalibration/json,2026-08-20T15:30:19+00:00
dtscalibration,dtscalibration,nc-time-axis,>=1.4.1,,,https://pypi.org/pypi/dtscalibration/json,2026-08-20T15:30:19+00:00
dtscalibration,dtscalibration,netcdf4,>=1.6.4,,,https://pypi.org/pypi/dtscalibration/json,2026-08-20T15:30:19+00:00
dtscalibration,dtscalibration,numpy,,,,https://pypi.org/pypi/dtscalibration/json,2026-08-20T15:30:19+00:00
dtscalibration,dtscalibration,pandas,,,,https://pypi.org/pypi/dtscalibration/json,2026-08-20T15:30:19+00:00
dtscalibration,dtscalibration,pyyaml,>=6.0.1,,,https://pypi.org/pypi/dtscalibration/json,2026-08-20T15:30:19+00:00
dtscalibration,dtscalibration,scipy,,,,https://pypi.org/pypi/dtscalibration/json,2026-08-20T15:30:19+00:00
dtscalibration,dtscalibration,xarray,,,,https://pypi.org/pypi/dtscalibration/json,2026-08-20T15:30:19+00:00
dtscalibration,dtscalibration,xmltodict,,,,https://pypi.org/pypi/dtscalibration/json,2026-08-20T15:30:19+00:00
invisensing,invisensing,h5py,>=3.0,,,https://pypi.org/pypi/invisensing/json,2026-08-20T15:30:19+00:00
invisensing,invisensing,nptdms,>=1.6,,,https://pypi.org/pypi/invisensing/json,2026-08-20T15:30:19+00:00
invisensing,invisensing,numpy,>=1.20,,,https://pypi.org/pypi/invisensing/json,2026-08-20T15:30:19+00:00
invisensing,invisensing,segyio,>=1.9,,,https://pypi.org/pypi/invisensing/json,2026-08-20T15:30:19+00:00
lightguide,lightguide,numpy,>=1.20.0,,,https://pypi.org/pypi/lightguide/json,2026-08-20T15:30:19+00:00
lightguide,lightguide,pyrocko,>=2022.4.28,,,https://pypi.org/pypi/lightguide/json,2026-08-20T15:30:19+00:00
lightguide,lightguide,requests,>=2.20.0,,,https://pypi.org/pypi/lightguide/json,2026-08-20T15:30:19+00:00
pyfocs,pyfocs,dtscalibration,,,dtscalibration,https://pypi.org/pypi/pyfocs/json,2026-08-20T15:30:19+00:00
pyfocs,pyfocs,matplotlib,>3,,,https://pypi.org/pypi/pyfocs/json,2026-08-20T15:30:19+00:00
pyfocs,pyfocs,netcdf4,,,,https://pypi.org/pypi/pyfocs/json,2026-08-20T15:30:19+00:00
pyfocs,pyfocs,numpy,,,,https://pypi.org/pypi/pyfocs/json,2026-08-20T15:30:19+00:00
pyfocs,pyfocs,pandas,,,,https://pypi.org/pypi/pyfocs/json,2026-08-20T15:30:19+00:00
pyfocs,pyfocs,pyyaml,>=5.1,,,https://pypi.org/pypi/pyfocs/json,2026-08-20T15:30:19+00:00
pyfocs,pyfocs,scipy,,,,https://pypi.org/pypi/pyfocs/json,2026-08-20T15:30:19+00:00
pyfocs,pyfocs,xarray,>=0.15,,,https://pypi.org/pypi/pyfocs/json,2026-08-20T15:30:19+00:00
pyfocs,pyfocs,xmltodict,,,,https://pypi.org/pypi/pyfocs/json,2026-08-20T15:30:19+00:00
pyseafom,pySEAFOM,matplotlib,>=3.3.0,,,https://pypi.org/pypi/pySEAFOM/json,2026-08-20T15:30:19+00:00
pyseafom,pySEAFOM,numpy,>=1.20.0,,,https://pypi.org/pypi/pySEAFOM/json,2026-08-20T15:30:19+00:00
pyseafom,pySEAFOM,scipy,>=1.7.0,,,https://pypi.org/pypi/pySEAFOM/json,2026-08-20T15:30:19+00:00
unidas,unidas,numpy,>=1.26,"python_version < ""3.13""",,https://pypi.org/pypi/unidas/json,2026-08-20T15:30:19+00:00
unidas,unidas,numpy,>=2,"python_version >= ""3.13""",,https://pypi.org/pypi/unidas/json,2026-08-20T15:30:19+00:00
xdas,xdas,dask,<2025.4.0,,,https://pypi.org/pypi/xdas/json,2026-08-20T15:30:19+00:00
xdas,xdas,h5netcdf,,,,https://pypi.org/pypi/xdas/json,2026-08-20T15:30:19+00:00
xdas,xdas,h5py,,,,https://pypi.org/pypi/xdas/json,2026-08-20T15:30:19+00:00
xdas,xdas,hdf5plugin,,,,https://pypi.org/pypi/xdas/json,2026-08-20T15:30:19+00:00
xdas,xdas,loky,,,,https://pypi.org/pypi/xdas/json,2026-08-20T15:30:19+00:00
xdas,xdas,msgpack,,,,https://pypi.org/pypi/xdas/json,2026-08-20T15:30:19+00:00
xdas,xdas,numba,,,,https://pypi.org/pypi/xdas/json,2026-08-20T15:30:19+00:00
xdas,xdas,numpy,,,,https://pypi.org/pypi/xdas/json,2026-08-20T15:30:19+00:00
xdas,xdas,obspy,,,,https://pypi.org/pypi/xdas/json,2026-08-20T15:30:19+00:00
xdas,xdas,pandas,,,,https://pypi.org/pypi/xdas/json,2026-08-20T15:30:19+00:00
xdas,xdas,plotly,,,,https://pypi.org/pypi/xdas/json,2026-08-20T15:30:19+00:00
xdas,xdas,pyzmq,,,,https://pypi.org/pypi/xdas/json,2026-08-20T15:30:19+00:00
xdas,xdas,scipy,,,,https://pypi.org/pypi/xdas/json,2026-08-20T15:30:19+00:00
xdas,xdas,setuptools,<82.0.0,,,https://pypi.org/pypi/xdas/json,2026-08-20T15:30:19+00:00
xdas,xdas,tqdm,,,,https://pypi.org/pypi/xdas/json,2026-08-20T15:30:19+00:00
xdas,xdas,typing-extensions,,,,https://pypi.org/pypi/xdas/json,2026-08-20T15:30:19+00:00
xdas,xdas,watchdog,,,,https://pypi.org/pypi/xdas/json,2026-08-20T15:30:19+00:00
xdas,xdas,xarray,,,,https://pypi.org/pypi/xdas/json,2026-08-20T15:30:19+00:00
xdas,xdas,xinterp,,,,https://pypi.org/pypi/xdas/json,2026-08-20T15:30:19+00:00
