project_id,metric,value,unit,window_start,window_end,source_url,fetched_at,missing_reason
a1das,repo_stars,3,stars,,,https://api.github.com/repos/coutanto/a1das,2026-08-18T06:36:52+00:00,
a1das,repo_forks,1,forks,,,https://api.github.com/repos/coutanto/a1das,2026-08-18T06:36:52+00:00,
a1das,repo_contributors,1,contributors,,,https://api.github.com/repos/coutanto/a1das,2026-08-18T06:36:52+00:00,
a1das,repo_releases,0,releases,,,https://api.github.com/repos/coutanto/a1das,2026-08-18T06:36:52+00:00,
a1das,pypi_downloads_30d,,downloads,,2026-08-17,https://pypistats.org/api/,2026-08-18T06:36:52+00:00,not_published
a1das,pypi_downloads_180d,,downloads,,,https://pypistats.org/api/,2026-08-18T06:36:52+00:00,not_published
a1das,conda_downloads_cumulative,,downloads,,2026-08-17,https://api.anaconda.org/,2026-08-18T06:36:52+00:00,not_published
a1das,canonical_citations,,citations,,2026-08-17,https://api.openalex.org/,2026-08-18T06:36:52+00:00,not_applicable
alakoro-fibersense,repo_stars,0,stars,,,https://api.github.com/repos/Colombiano/Alakoro_FiberSense,2026-08-18T06:36:54+00:00,
alakoro-fibersense,repo_forks,0,forks,,,https://api.github.com/repos/Colombiano/Alakoro_FiberSense,2026-08-18T06:36:54+00:00,
alakoro-fibersense,repo_contributors,1,contributors,,,https://api.github.com/repos/Colombiano/Alakoro_FiberSense,2026-08-18T06:36:54+00:00,
alakoro-fibersense,repo_releases,0,releases,,,https://api.github.com/repos/Colombiano/Alakoro_FiberSense,2026-08-18T06:36:54+00:00,
alakoro-fibersense,pypi_downloads_30d,,downloads,,2026-08-17,https://pypistats.org/api/,2026-08-18T06:36:54+00:00,not_published
alakoro-fibersense,pypi_downloads_180d,,downloads,,,https://pypistats.org/api/,2026-08-18T06:36:54+00:00,not_published
alakoro-fibersense,conda_downloads_cumulative,,downloads,,2026-08-17,https://api.anaconda.org/,2026-08-18T06:36:54+00:00,not_published
alakoro-fibersense,canonical_citations,,citations,,2026-08-17,https://api.openalex.org/,2026-08-18T06:36:54+00:00,not_applicable
cqi-das,repo_stars,11,stars,,,https://api.github.com/repos/B-CSI/cqi_das,2026-08-18T06:36:56+00:00,
cqi-das,repo_forks,0,forks,,,https://api.github.com/repos/B-CSI/cqi_das,2026-08-18T06:36:56+00:00,
cqi-das,repo_contributors,2,contributors,,,https://api.github.com/repos/B-CSI/cqi_das,2026-08-18T06:36:56+00:00,
cqi-das,repo_releases,0,releases,,,https://api.github.com/repos/B-CSI/cqi_das,2026-08-18T06:36:56+00:00,
cqi-das,pypi_downloads_30d,,downloads,,2026-08-17,https://pypistats.org/api/,2026-08-18T06:36:56+00:00,not_published
cqi-das,pypi_downloads_180d,,downloads,,,https://pypistats.org/api/,2026-08-18T06:36:56+00:00,not_published
cqi-das,conda_downloads_cumulative,,downloads,,2026-08-17,https://api.anaconda.org/,2026-08-18T06:36:56+00:00,not_published
cqi-das,canonical_citations,,citations,,2026-08-17,https://api.openalex.org/,2026-08-18T06:36:56+00:00,not_applicable
darkfiber,repo_stars,0,stars,,,https://api.github.com/repos/Sirkraven/darkfiber,2026-08-18T06:36:58+00:00,
darkfiber,repo_forks,0,forks,,,https://api.github.com/repos/Sirkraven/darkfiber,2026-08-18T06:36:58+00:00,
darkfiber,repo_contributors,1,contributors,,,https://api.github.com/repos/Sirkraven/darkfiber,2026-08-18T06:36:58+00:00,
darkfiber,repo_releases,2,releases,,,https://api.github.com/repos/Sirkraven/darkfiber,2026-08-18T06:36:58+00:00,
darkfiber,pypi_downloads_30d,,downloads,,2026-08-17,https://pypistats.org/api/,2026-08-18T06:36:58+00:00,not_published
darkfiber,pypi_downloads_180d,,downloads,,,https://pypistats.org/api/,2026-08-18T06:36:58+00:00,not_published
darkfiber,conda_downloads_cumulative,,downloads,,2026-08-17,https://api.anaconda.org/,2026-08-18T06:36:58+00:00,not_published
darkfiber,canonical_citations,0,citations,,2026-08-17,https://api.openalex.org/works/https://doi.org/10.5281/zenodo.21383275,2026-08-17T18:08:30+00:00,
das-anomaly,repo_stars,28,stars,,,https://api.github.com/repos/DASDAE/das-anomaly,2026-08-18T06:37:01+00:00,
das-anomaly,repo_forks,1,forks,,,https://api.github.com/repos/DASDAE/das-anomaly,2026-08-18T06:37:01+00:00,
das-anomaly,repo_contributors,1,contributors,,,https://api.github.com/repos/DASDAE/das-anomaly,2026-08-18T06:37:01+00:00,
das-anomaly,repo_releases,8,releases,,,https://api.github.com/repos/DASDAE/das-anomaly,2026-08-18T06:37:01+00:00,
das-anomaly,pypi_downloads_30d,,downloads,,2026-08-17,https://pypi.org/pypi/das-anomaly/json,2026-08-17T18:48:11+00:00,not_published
das-anomaly,pypi_downloads_180d,,downloads,,,https://pypi.org/pypi/das-anomaly/json,2026-08-17T18:48:11+00:00,not_published
das-anomaly,conda_downloads_cumulative,,downloads,,2026-08-17,https://api.anaconda.org/,2026-08-17T18:48:11+00:00,not_published
das-anomaly,canonical_citations,,citations,,2026-08-17,https://api.openalex.org/,2026-08-18T06:37:01+00:00,not_applicable
das-cc-gpu,repo_stars,10,stars,,,https://api.github.com/repos/zhichaoshen40/DAS_CC_GPU,2026-08-18T06:37:03+00:00,
das-cc-gpu,repo_forks,0,forks,,,https://api.github.com/repos/zhichaoshen40/DAS_CC_GPU,2026-08-18T06:37:03+00:00,
das-cc-gpu,repo_contributors,1,contributors,,,https://api.github.com/repos/zhichaoshen40/DAS_CC_GPU,2026-08-18T06:37:03+00:00,
das-cc-gpu,repo_releases,1,releases,,,https://api.github.com/repos/zhichaoshen40/DAS_CC_GPU,2026-08-18T06:37:03+00:00,
das-cc-gpu,pypi_downloads_30d,,downloads,,2026-08-17,https://pypistats.org/api/,2026-08-18T06:37:03+00:00,not_published
das-cc-gpu,pypi_downloads_180d,,downloads,,,https://pypistats.org/api/,2026-08-18T06:37:03+00:00,not_published
das-cc-gpu,conda_downloads_cumulative,,downloads,,2026-08-17,https://api.anaconda.org/,2026-08-18T06:37:03+00:00,not_published
das-cc-gpu,canonical_citations,,citations,,2026-08-17,https://api.openalex.org/,2026-08-18T06:37:03+00:00,not_applicable
das-levels,repo_stars,3,stars,,,https://api.github.com/repos/DAS4Whales/DAS_levels,2026-08-18T06:37:05+00:00,
das-levels,repo_forks,0,forks,,,https://api.github.com/repos/DAS4Whales/DAS_levels,2026-08-18T06:37:05+00:00,
das-levels,repo_contributors,1,contributors,,,https://api.github.com/repos/DAS4Whales/DAS_levels,2026-08-18T06:37:05+00:00,
das-levels,repo_releases,1,releases,,,https://api.github.com/repos/DAS4Whales/DAS_levels,2026-08-18T06:37:05+00:00,
das-levels,pypi_downloads_30d,,downloads,,2026-08-17,https://pypistats.org/api/,2026-08-18T06:37:05+00:00,not_published
das-levels,pypi_downloads_180d,,downloads,,,https://pypistats.org/api/,2026-08-18T06:37:05+00:00,not_published
das-levels,conda_downloads_cumulative,,downloads,,2026-08-17,https://api.anaconda.org/,2026-08-18T06:37:05+00:00,not_published
das-levels,canonical_citations,,citations,,2026-08-17,https://api.openalex.org/,2026-08-18T06:37:05+00:00,not_applicable
das-metadata,repo_stars,32,stars,,,https://api.github.com/repos/DAS-RCN/DAS_metadata,2026-08-18T06:37:08+00:00,
das-metadata,repo_forks,4,forks,,,https://api.github.com/repos/DAS-RCN/DAS_metadata,2026-08-18T06:37:08+00:00,
das-metadata,repo_contributors,1,contributors,,,https://api.github.com/repos/DAS-RCN/DAS_metadata,2026-08-18T06:37:08+00:00,
das-metadata,repo_releases,0,releases,,,https://api.github.com/repos/DAS-RCN/DAS_metadata,2026-08-18T06:37:08+00:00,
das-metadata,pypi_downloads_30d,,downloads,,2026-08-17,https://pypistats.org/api/,2026-08-18T06:37:08+00:00,not_published
das-metadata,pypi_downloads_180d,,downloads,,,https://pypistats.org/api/,2026-08-18T06:37:08+00:00,not_published
das-metadata,conda_downloads_cumulative,,downloads,,2026-08-17,https://api.anaconda.org/,2026-08-18T06:37:08+00:00,not_published
das-metadata,canonical_citations,13,citations,,2026-08-17,https://api.openalex.org/works/https://doi.org/10.1785/0220230325,2026-08-17T18:08:30+00:00,
das-n2n,repo_stars,17,stars,,,https://api.github.com/repos/sachalapins/DAS-N2N-torch,2026-08-18T06:37:10+00:00,
das-n2n,repo_forks,1,forks,,,https://api.github.com/repos/sachalapins/DAS-N2N-torch,2026-08-18T06:37:10+00:00,
das-n2n,repo_contributors,1,contributors,,,https://api.github.com/repos/sachalapins/DAS-N2N-torch,2026-08-18T06:37:10+00:00,
das-n2n,repo_releases,0,releases,,,https://api.github.com/repos/sachalapins/DAS-N2N-torch,2026-08-18T06:37:10+00:00,
das-n2n,pypi_downloads_30d,,downloads,,2026-08-17,https://pypistats.org/api/,2026-08-18T06:37:10+00:00,not_published
das-n2n,pypi_downloads_180d,,downloads,,,https://pypistats.org/api/,2026-08-18T06:37:10+00:00,not_published
das-n2n,conda_downloads_cumulative,,downloads,,2026-08-17,https://api.anaconda.org/,2026-08-18T06:37:10+00:00,not_published
das-n2n,canonical_citations,,citations,,2026-08-17,https://api.openalex.org/,2026-08-18T06:37:10+00:00,not_applicable
das-realtime,repo_stars,9,stars,,,https://api.github.com/repos/Caltech-DASHub/DAS-realtime,2026-08-18T06:37:13+00:00,
das-realtime,repo_forks,3,forks,,,https://api.github.com/repos/Caltech-DASHub/DAS-realtime,2026-08-18T06:37:13+00:00,
das-realtime,repo_contributors,1,contributors,,,https://api.github.com/repos/Caltech-DASHub/DAS-realtime,2026-08-18T06:37:13+00:00,
das-realtime,repo_releases,0,releases,,,https://api.github.com/repos/Caltech-DASHub/DAS-realtime,2026-08-18T06:37:13+00:00,
das-realtime,pypi_downloads_30d,,downloads,,2026-08-17,https://pypistats.org/api/,2026-08-18T06:37:13+00:00,not_published
das-realtime,pypi_downloads_180d,,downloads,,,https://pypistats.org/api/,2026-08-18T06:37:13+00:00,not_published
das-realtime,conda_downloads_cumulative,,downloads,,2026-08-17,https://api.anaconda.org/,2026-08-18T06:37:13+00:00,not_published
das-realtime,canonical_citations,,citations,,2026-08-17,https://api.openalex.org/,2026-08-18T06:37:13+00:00,not_applicable
das-sensitivity,repo_stars,3,stars,,,https://api.github.com/repos/olfontai/DAS_sensitivity,2026-08-18T06:37:15+00:00,
das-sensitivity,repo_forks,0,forks,,,https://api.github.com/repos/olfontai/DAS_sensitivity,2026-08-18T06:37:15+00:00,
das-sensitivity,repo_contributors,1,contributors,,,https://api.github.com/repos/olfontai/DAS_sensitivity,2026-08-18T06:37:15+00:00,
das-sensitivity,repo_releases,0,releases,,,https://api.github.com/repos/olfontai/DAS_sensitivity,2026-08-18T06:37:15+00:00,
das-sensitivity,pypi_downloads_30d,,downloads,,2026-08-17,https://pypistats.org/api/,2026-08-18T06:37:15+00:00,not_published
das-sensitivity,pypi_downloads_180d,,downloads,,,https://pypistats.org/api/,2026-08-18T06:37:15+00:00,not_published
das-sensitivity,conda_downloads_cumulative,,downloads,,2026-08-17,https://api.anaconda.org/,2026-08-18T06:37:15+00:00,not_published
das-sensitivity,canonical_citations,,citations,,2026-08-17,https://api.openalex.org/,2026-08-18T06:37:15+00:00,not_applicable
das-simulator,repo_stars,2,stars,,,https://api.github.com/repos/equinor/fiberoptics-das-simulator,2026-08-18T06:37:17+00:00,
das-simulator,repo_forks,3,forks,,,https://api.github.com/repos/equinor/fiberoptics-das-simulator,2026-08-18T06:37:17+00:00,
das-simulator,repo_contributors,5,contributors,,,https://api.github.com/repos/equinor/fiberoptics-das-simulator,2026-08-18T06:37:17+00:00,
das-simulator,repo_releases,4,releases,,,https://api.github.com/repos/equinor/fiberoptics-das-simulator,2026-08-18T06:37:17+00:00,
das-simulator,pypi_downloads_30d,,downloads,,2026-08-17,https://pypistats.org/api/,2026-08-18T06:37:17+00:00,not_published
das-simulator,pypi_downloads_180d,,downloads,,,https://pypistats.org/api/,2026-08-18T06:37:17+00:00,not_published
das-simulator,conda_downloads_cumulative,,downloads,,2026-08-17,https://api.anaconda.org/,2026-08-18T06:37:17+00:00,not_published
das-simulator,canonical_citations,,citations,,2026-08-17,https://api.openalex.org/,2026-08-18T06:37:17+00:00,not_applicable
das-source-locator,repo_stars,1,stars,,,https://api.github.com/repos/leabouffaut/DASSourceLocator,2026-08-18T06:37:20+00:00,
das-source-locator,repo_forks,0,forks,,,https://api.github.com/repos/leabouffaut/DASSourceLocator,2026-08-18T06:37:20+00:00,
das-source-locator,repo_contributors,1,contributors,,,https://api.github.com/repos/leabouffaut/DASSourceLocator,2026-08-18T06:37:20+00:00,
das-source-locator,repo_releases,0,releases,,,https://api.github.com/repos/leabouffaut/DASSourceLocator,2026-08-18T06:37:20+00:00,
das-source-locator,pypi_downloads_30d,,downloads,,2026-08-17,https://pypistats.org/api/,2026-08-18T06:37:20+00:00,not_published
das-source-locator,pypi_downloads_180d,,downloads,,,https://pypistats.org/api/,2026-08-18T06:37:20+00:00,not_published
das-source-locator,conda_downloads_cumulative,,downloads,,2026-08-17,https://api.anaconda.org/,2026-08-18T06:37:20+00:00,not_published
das-source-locator,canonical_citations,,citations,,2026-08-17,https://api.openalex.org/,2026-08-18T06:37:20+00:00,not_applicable
das-to-store,repo_stars,0,stars,,,https://api.github.com/repos/jacobrdavis/das-to-store,2026-08-18T06:37:22+00:00,
das-to-store,repo_forks,0,forks,,,https://api.github.com/repos/jacobrdavis/das-to-store,2026-08-18T06:37:22+00:00,
das-to-store,repo_contributors,1,contributors,,,https://api.github.com/repos/jacobrdavis/das-to-store,2026-08-18T06:37:22+00:00,
das-to-store,repo_releases,0,releases,,,https://api.github.com/repos/jacobrdavis/das-to-store,2026-08-18T06:37:22+00:00,
das-to-store,pypi_downloads_30d,,downloads,,2026-08-17,https://pypistats.org/api/,2026-08-18T06:37:22+00:00,not_published
das-to-store,pypi_downloads_180d,,downloads,,,https://pypistats.org/api/,2026-08-18T06:37:22+00:00,not_published
das-to-store,conda_downloads_cumulative,,downloads,,2026-08-17,https://api.anaconda.org/,2026-08-18T06:37:22+00:00,not_published
das-to-store,canonical_citations,,citations,,2026-08-17,https://api.openalex.org/,2026-08-18T06:37:22+00:00,not_applicable
das-toolkit,repo_stars,20,stars,,,https://api.github.com/repos/RobbinLuo/das-toolkit,2026-08-18T06:37:24+00:00,
das-toolkit,repo_forks,2,forks,,,https://api.github.com/repos/RobbinLuo/das-toolkit,2026-08-18T06:37:24+00:00,
das-toolkit,repo_contributors,1,contributors,,,https://api.github.com/repos/RobbinLuo/das-toolkit,2026-08-18T06:37:24+00:00,
das-toolkit,repo_releases,0,releases,,,https://api.github.com/repos/RobbinLuo/das-toolkit,2026-08-18T06:37:24+00:00,
das-toolkit,pypi_downloads_30d,,downloads,,2026-08-17,https://pypistats.org/api/,2026-08-18T06:37:24+00:00,not_published
das-toolkit,pypi_downloads_180d,,downloads,,,https://pypistats.org/api/,2026-08-18T06:37:24+00:00,not_published
das-toolkit,conda_downloads_cumulative,,downloads,,2026-08-17,https://api.anaconda.org/,2026-08-18T06:37:24+00:00,not_published
das-toolkit,canonical_citations,,citations,,2026-08-17,https://api.openalex.org/,2026-08-18T06:37:24+00:00,not_applicable
das-tools-eth,repo_stars,4,stars,,,https://api.github.com/repos/afichtner/DAS_Tools,2026-08-18T06:37:26+00:00,
das-tools-eth,repo_forks,0,forks,,,https://api.github.com/repos/afichtner/DAS_Tools,2026-08-18T06:37:26+00:00,
das-tools-eth,repo_contributors,1,contributors,,,https://api.github.com/repos/afichtner/DAS_Tools,2026-08-18T06:37:26+00:00,
das-tools-eth,repo_releases,0,releases,,,https://api.github.com/repos/afichtner/DAS_Tools,2026-08-18T06:37:26+00:00,
das-tools-eth,pypi_downloads_30d,,downloads,,2026-08-17,https://pypistats.org/api/,2026-08-18T06:37:26+00:00,not_published
das-tools-eth,pypi_downloads_180d,,downloads,,,https://pypistats.org/api/,2026-08-18T06:37:26+00:00,not_published
das-tools-eth,conda_downloads_cumulative,,downloads,,2026-08-17,https://api.anaconda.org/,2026-08-18T06:37:26+00:00,not_published
das-tools-eth,canonical_citations,,citations,,2026-08-17,https://api.openalex.org/,2026-08-18T06:37:26+00:00,not_applicable
das-vessel-detection,repo_stars,6,stars,,,https://api.github.com/repos/UAH-PSI/das-vessel-detection,2026-08-18T06:37:28+00:00,
das-vessel-detection,repo_forks,1,forks,,,https://api.github.com/repos/UAH-PSI/das-vessel-detection,2026-08-18T06:37:28+00:00,
das-vessel-detection,repo_contributors,1,contributors,,,https://api.github.com/repos/UAH-PSI/das-vessel-detection,2026-08-18T06:37:28+00:00,
das-vessel-detection,repo_releases,0,releases,,,https://api.github.com/repos/UAH-PSI/das-vessel-detection,2026-08-18T06:37:28+00:00,
das-vessel-detection,pypi_downloads_30d,,downloads,,2026-08-17,https://pypistats.org/api/,2026-08-18T06:37:28+00:00,not_published
das-vessel-detection,pypi_downloads_180d,,downloads,,,https://pypistats.org/api/,2026-08-18T06:37:28+00:00,not_published
das-vessel-detection,conda_downloads_cumulative,,downloads,,2026-08-17,https://api.anaconda.org/,2026-08-18T06:37:28+00:00,not_published
das-vessel-detection,canonical_citations,,citations,,2026-08-17,https://api.openalex.org/,2026-08-18T06:37:28+00:00,not_applicable
das4whales,repo_stars,79,stars,,,https://api.github.com/repos/DAS4Whales/DAS4Whales,2026-08-18T06:37:30+00:00,
das4whales,repo_forks,21,forks,,,https://api.github.com/repos/DAS4Whales/DAS4Whales,2026-08-18T06:37:30+00:00,
das4whales,repo_contributors,4,contributors,,,https://api.github.com/repos/DAS4Whales/DAS4Whales,2026-08-18T06:37:30+00:00,
das4whales,repo_releases,4,releases,,,https://api.github.com/repos/DAS4Whales/DAS4Whales,2026-08-18T06:37:30+00:00,
das4whales,pypi_downloads_30d,74,downloads,,2026-08-17,https://pypistats.org/api/packages/das4whales/recent,2026-08-17T18:48:11+00:00,
das4whales,pypi_downloads_180d,806,downloads,2026-02-17,2026-08-14,https://pypistats.org/api/packages/das4whales/recent,2026-08-17T18:48:11+00:00,
das4whales,conda_downloads_cumulative,,downloads,,2026-08-17,https://api.anaconda.org/,2026-08-17T18:48:11+00:00,not_published
das4whales,canonical_citations,1,citations,,2026-08-17,https://api.openalex.org/works/https://doi.org/10.5281/zenodo.7760187,2026-08-17T18:08:30+00:00,
dascore,repo_stars,159,stars,,,https://api.github.com/repos/DASDAE/dascore,2026-08-18T06:37:32+00:00,
dascore,repo_forks,41,forks,,,https://api.github.com/repos/DASDAE/dascore,2026-08-18T06:37:32+00:00,
dascore,repo_contributors,18,contributors,,,https://api.github.com/repos/DASDAE/dascore,2026-08-18T06:37:32+00:00,
dascore,repo_releases,34,releases,,,https://api.github.com/repos/DASDAE/dascore,2026-08-18T06:37:32+00:00,
dascore,pypi_downloads_30d,7219,downloads,,2026-08-17,https://pypistats.org/api/packages/dascore/recent,2026-08-17T18:48:18+00:00,
dascore,pypi_downloads_180d,15268,downloads,2026-02-17,2026-08-16,https://pypistats.org/api/packages/dascore/recent,2026-08-17T18:48:18+00:00,
dascore,conda_downloads_cumulative,48060,downloads,,2026-08-17,https://api.anaconda.org/package/conda-forge/dascore,2026-08-17T18:48:18+00:00,
dascore,canonical_citations,17,citations,,2026-08-17,https://api.openalex.org/works/https://doi.org/10.26443/seismica.v3i2.1184,2026-08-17T18:08:30+00:00,
dascorepy,repo_stars,0,stars,,,https://api.github.com/repos/DASDAE/dascorepy,2026-08-18T06:37:34+00:00,
dascorepy,repo_forks,0,forks,,,https://api.github.com/repos/DASDAE/dascorepy,2026-08-18T06:37:34+00:00,
dascorepy,repo_contributors,1,contributors,,,https://api.github.com/repos/DASDAE/dascorepy,2026-08-18T06:37:34+00:00,
dascorepy,repo_releases,0,releases,,,https://api.github.com/repos/DASDAE/dascorepy,2026-08-18T06:37:34+00:00,
dascorepy,pypi_downloads_30d,,downloads,,2026-08-17,https://pypistats.org/api/,2026-08-18T06:37:34+00:00,not_published
dascorepy,pypi_downloads_180d,,downloads,,,https://pypistats.org/api/,2026-08-18T06:37:34+00:00,not_published
dascorepy,conda_downloads_cumulative,,downloads,,2026-08-17,https://api.anaconda.org/,2026-08-18T06:37:34+00:00,not_published
dascorepy,canonical_citations,,citations,,2026-08-17,https://api.openalex.org/,2026-08-18T06:37:34+00:00,not_applicable
daseventnet,repo_stars,2,stars,,,https://api.github.com/repos/Tieyuan/DASEventNet,2026-08-18T06:37:37+00:00,
daseventnet,repo_forks,0,forks,,,https://api.github.com/repos/Tieyuan/DASEventNet,2026-08-18T06:37:37+00:00,
daseventnet,repo_contributors,1,contributors,,,https://api.github.com/repos/Tieyuan/DASEventNet,2026-08-18T06:37:37+00:00,
daseventnet,repo_releases,0,releases,,,https://api.github.com/repos/Tieyuan/DASEventNet,2026-08-18T06:37:37+00:00,
daseventnet,pypi_downloads_30d,,downloads,,2026-08-17,https://pypistats.org/api/,2026-08-18T06:37:37+00:00,not_published
daseventnet,pypi_downloads_180d,,downloads,,,https://pypistats.org/api/,2026-08-18T06:37:37+00:00,not_published
daseventnet,conda_downloads_cumulative,,downloads,,2026-08-17,https://api.anaconda.org/,2026-08-18T06:37:37+00:00,not_published
daseventnet,canonical_citations,,citations,,2026-08-17,https://api.openalex.org/,2026-08-18T06:37:37+00:00,not_applicable
dasexplorer,repo_stars,7,stars,,,https://api.github.com/repos/sermomon/DASexplorer,2026-08-18T06:37:39+00:00,
dasexplorer,repo_forks,3,forks,,,https://api.github.com/repos/sermomon/DASexplorer,2026-08-18T06:37:39+00:00,
dasexplorer,repo_contributors,1,contributors,,,https://api.github.com/repos/sermomon/DASexplorer,2026-08-18T06:37:39+00:00,
dasexplorer,repo_releases,4,releases,,,https://api.github.com/repos/sermomon/DASexplorer,2026-08-18T06:37:39+00:00,
dasexplorer,pypi_downloads_30d,43,downloads,,2026-08-17,https://pypistats.org/api/packages/dasexplorer/recent,2026-08-17T18:48:32+00:00,
dasexplorer,pypi_downloads_180d,597,downloads,2026-06-29,2026-08-14,https://pypistats.org/api/packages/dasexplorer/recent,2026-08-17T18:48:32+00:00,
dasexplorer,conda_downloads_cumulative,,downloads,,2026-08-17,https://api.anaconda.org/,2026-08-17T18:48:32+00:00,not_published
dasexplorer,canonical_citations,,citations,,2026-08-17,https://api.openalex.org/,2026-08-18T06:37:39+00:00,not_applicable
dasgauge,repo_stars,0,stars,,,https://api.github.com/repos/UWGeoD/dasgauge,2026-08-18T06:37:41+00:00,
dasgauge,repo_forks,0,forks,,,https://api.github.com/repos/UWGeoD/dasgauge,2026-08-18T06:37:41+00:00,
dasgauge,repo_contributors,1,contributors,,,https://api.github.com/repos/UWGeoD/dasgauge,2026-08-18T06:37:41+00:00,
dasgauge,repo_releases,0,releases,,,https://api.github.com/repos/UWGeoD/dasgauge,2026-08-18T06:37:41+00:00,
dasgauge,pypi_downloads_30d,,downloads,,2026-08-17,https://pypistats.org/api/,2026-08-18T06:37:41+00:00,not_published
dasgauge,pypi_downloads_180d,,downloads,,,https://pypistats.org/api/,2026-08-18T06:37:41+00:00,not_published
dasgauge,conda_downloads_cumulative,,downloads,,2026-08-17,https://api.anaconda.org/,2026-08-18T06:37:41+00:00,not_published
dasgauge,canonical_citations,,citations,,2026-08-17,https://api.openalex.org/,2026-08-18T06:37:41+00:00,not_applicable
dasio,repo_stars,0,stars,,,https://api.github.com/repos/jxli2a/dasio,2026-08-18T06:37:43+00:00,
dasio,repo_forks,0,forks,,,https://api.github.com/repos/jxli2a/dasio,2026-08-18T06:37:43+00:00,
dasio,repo_contributors,1,contributors,,,https://api.github.com/repos/jxli2a/dasio,2026-08-18T06:37:43+00:00,
dasio,repo_releases,0,releases,,,https://api.github.com/repos/jxli2a/dasio,2026-08-18T06:37:43+00:00,
dasio,pypi_downloads_30d,,downloads,,2026-08-17,https://pypistats.org/api/,2026-08-18T06:37:43+00:00,not_published
dasio,pypi_downloads_180d,,downloads,,,https://pypistats.org/api/,2026-08-18T06:37:43+00:00,not_published
dasio,conda_downloads_cumulative,,downloads,,2026-08-17,https://api.anaconda.org/,2026-08-18T06:37:43+00:00,not_published
dasio,canonical_citations,,citations,,2026-08-17,https://api.openalex.org/,2026-08-18T06:37:43+00:00,not_applicable
dasjax,repo_stars,0,stars,,,https://api.github.com/repos/DASDAE/dasjax,2026-08-18T06:37:46+00:00,
dasjax,repo_forks,0,forks,,,https://api.github.com/repos/DASDAE/dasjax,2026-08-18T06:37:46+00:00,
dasjax,repo_contributors,1,contributors,,,https://api.github.com/repos/DASDAE/dasjax,2026-08-18T06:37:46+00:00,
dasjax,repo_releases,0,releases,,,https://api.github.com/repos/DASDAE/dasjax,2026-08-18T06:37:46+00:00,
dasjax,pypi_downloads_30d,,downloads,,2026-08-17,https://pypistats.org/api/,2026-08-18T06:37:46+00:00,not_published
dasjax,pypi_downloads_180d,,downloads,,,https://pypistats.org/api/,2026-08-18T06:37:46+00:00,not_published
dasjax,conda_downloads_cumulative,,downloads,,2026-08-17,https://api.anaconda.org/,2026-08-18T06:37:46+00:00,not_published
dasjax,canonical_citations,,citations,,2026-08-17,https://api.openalex.org/,2026-08-18T06:37:46+00:00,not_applicable
daslab,repo_stars,77,stars,,,https://api.github.com/repos/yohanesnuwara/DASLab,2026-08-18T06:37:48+00:00,
daslab,repo_forks,24,forks,,,https://api.github.com/repos/yohanesnuwara/DASLab,2026-08-18T06:37:48+00:00,
daslab,repo_contributors,1,contributors,,,https://api.github.com/repos/yohanesnuwara/DASLab,2026-08-18T06:37:48+00:00,
daslab,repo_releases,1,releases,,,https://api.github.com/repos/yohanesnuwara/DASLab,2026-08-18T06:37:48+00:00,
daslab,pypi_downloads_30d,,downloads,,2026-08-17,https://pypistats.org/api/,2026-08-18T06:37:48+00:00,not_published
daslab,pypi_downloads_180d,,downloads,,,https://pypistats.org/api/,2026-08-18T06:37:48+00:00,not_published
daslab,conda_downloads_cumulative,,downloads,,2026-08-17,https://api.anaconda.org/,2026-08-18T06:37:48+00:00,not_published
daslab,canonical_citations,1,citations,,2026-08-17,https://api.openalex.org/works/https://doi.org/10.5281/zenodo.5797215,2026-08-17T18:08:31+00:00,
dasmart-infra,repo_stars,0,stars,,,https://api.github.com/repos/Pengchao-He/DASmartInfra,2026-08-18T06:37:50+00:00,
dasmart-infra,repo_forks,0,forks,,,https://api.github.com/repos/Pengchao-He/DASmartInfra,2026-08-18T06:37:50+00:00,
dasmart-infra,repo_contributors,1,contributors,,,https://api.github.com/repos/Pengchao-He/DASmartInfra,2026-08-18T06:37:50+00:00,
dasmart-infra,repo_releases,0,releases,,,https://api.github.com/repos/Pengchao-He/DASmartInfra,2026-08-18T06:37:50+00:00,
dasmart-infra,pypi_downloads_30d,,downloads,,2026-08-17,https://pypistats.org/api/,2026-08-18T06:37:50+00:00,not_published
dasmart-infra,pypi_downloads_180d,,downloads,,,https://pypistats.org/api/,2026-08-18T06:37:50+00:00,not_published
dasmart-infra,conda_downloads_cumulative,,downloads,,2026-08-17,https://api.anaconda.org/,2026-08-18T06:37:50+00:00,not_published
dasmart-infra,canonical_citations,,citations,,2026-08-17,https://api.openalex.org/,2026-08-18T06:37:50+00:00,not_applicable
dasmatrix,repo_stars,1,stars,,,https://api.github.com/repos/QIanGua/DASMatrix,2026-08-18T06:37:52+00:00,
dasmatrix,repo_forks,0,forks,,,https://api.github.com/repos/QIanGua/DASMatrix,2026-08-18T06:37:52+00:00,
dasmatrix,repo_contributors,1,contributors,,,https://api.github.com/repos/QIanGua/DASMatrix,2026-08-18T06:37:52+00:00,
dasmatrix,repo_releases,0,releases,,,https://api.github.com/repos/QIanGua/DASMatrix,2026-08-18T06:37:52+00:00,
dasmatrix,pypi_downloads_30d,,downloads,,2026-08-17,https://pypistats.org/api/,2026-08-18T06:37:52+00:00,not_published
dasmatrix,pypi_downloads_180d,,downloads,,,https://pypistats.org/api/,2026-08-18T06:37:52+00:00,not_published
dasmatrix,conda_downloads_cumulative,,downloads,,2026-08-17,https://api.anaconda.org/,2026-08-18T06:37:52+00:00,not_published
dasmatrix,canonical_citations,,citations,,2026-08-17,https://api.openalex.org/,2026-08-18T06:37:52+00:00,not_applicable
daspack,repo_stars,25,stars,,,https://api.github.com/repos/asleix/daspack,2026-08-18T06:37:54+00:00,
daspack,repo_forks,5,forks,,,https://api.github.com/repos/asleix/daspack,2026-08-18T06:37:54+00:00,
daspack,repo_contributors,1,contributors,,,https://api.github.com/repos/asleix/daspack,2026-08-18T06:37:54+00:00,
daspack,repo_releases,0,releases,,,https://api.github.com/repos/asleix/daspack,2026-08-18T06:37:54+00:00,
daspack,pypi_downloads_30d,102,downloads,,2026-08-17,https://pypistats.org/api/packages/daspack-dev/recent,2026-08-17T18:48:44+00:00,
daspack,pypi_downloads_180d,314,downloads,2026-02-20,2026-08-14,https://pypistats.org/api/packages/daspack-dev/recent,2026-08-17T18:48:44+00:00,
daspack,conda_downloads_cumulative,,downloads,,2026-08-17,https://api.anaconda.org/,2026-08-17T18:48:44+00:00,not_published
daspack,canonical_citations,8,citations,,2026-08-17,https://api.openalex.org/works/https://doi.org/10.1093/gji/ggaf397,2026-08-17T18:08:31+00:00,
daspy,repo_stars,154,stars,,,https://api.github.com/repos/HMZ-03/DASPy,2026-08-18T06:37:56+00:00,
daspy,repo_forks,29,forks,,,https://api.github.com/repos/HMZ-03/DASPy,2026-08-18T06:37:56+00:00,
daspy,repo_contributors,3,contributors,,,https://api.github.com/repos/HMZ-03/DASPy,2026-08-18T06:37:56+00:00,
daspy,repo_releases,10,releases,,,https://api.github.com/repos/HMZ-03/DASPy,2026-08-18T06:37:56+00:00,
daspy,pypi_downloads_30d,458,downloads,,2026-08-17,https://pypistats.org/api/packages/daspy-toolbox/recent,2026-08-17T18:48:57+00:00,
daspy,pypi_downloads_180d,2545,downloads,2026-02-17,2026-08-16,https://pypistats.org/api/packages/daspy-toolbox/recent,2026-08-17T18:48:57+00:00,
daspy,conda_downloads_cumulative,6926,downloads,,2026-08-17,https://api.anaconda.org/package/conda-forge/daspy-toolbox,2026-08-17T18:48:57+00:00,
daspy,canonical_citations,19,citations,,2026-08-17,https://api.openalex.org/works/https://doi.org/10.1785/0220240124,2026-08-17T18:08:31+00:00,
dasstore,repo_stars,21,stars,,,https://api.github.com/repos/niyiyu/DASstore,2026-08-18T06:37:59+00:00,
dasstore,repo_forks,7,forks,,,https://api.github.com/repos/niyiyu/DASstore,2026-08-18T06:37:59+00:00,
dasstore,repo_contributors,3,contributors,,,https://api.github.com/repos/niyiyu/DASstore,2026-08-18T06:37:59+00:00,
dasstore,repo_releases,4,releases,,,https://api.github.com/repos/niyiyu/DASstore,2026-08-18T06:37:59+00:00,
dasstore,pypi_downloads_30d,,downloads,,2026-08-17,https://pypistats.org/api/,2026-08-18T06:37:59+00:00,not_published
dasstore,pypi_downloads_180d,,downloads,,,https://pypistats.org/api/,2026-08-18T06:37:59+00:00,not_published
dasstore,conda_downloads_cumulative,,downloads,,2026-08-17,https://api.anaconda.org/,2026-08-18T06:37:59+00:00,not_published
dasstore,canonical_citations,1,citations,,2026-08-17,https://api.openalex.org/works/https://doi.org/10.5281/zenodo.10714765,2026-08-17T18:08:31+00:00,
dastools,repo_stars,2,stars,,,https://git.gfz-potsdam.de/api/v4/projects/geofon%2Fdastools,2026-08-18T06:38:01+00:00,
dastools,repo_forks,0,forks,,,https://git.gfz-potsdam.de/api/v4/projects/geofon%2Fdastools,2026-08-18T06:38:01+00:00,
dastools,repo_contributors,1,contributors,,,https://git.gfz-potsdam.de/api/v4/projects/geofon%2Fdastools,2026-08-18T06:38:01+00:00,
dastools,repo_releases,15,releases,,,https://git.gfz-potsdam.de/api/v4/projects/geofon%2Fdastools,2026-08-18T06:38:01+00:00,
dastools,pypi_downloads_30d,31,downloads,,2026-08-17,https://pypistats.org/api/packages/dastools/recent,2026-08-17T18:49:10+00:00,
dastools,pypi_downloads_180d,507,downloads,2026-02-17,2026-08-14,https://pypistats.org/api/packages/dastools/recent,2026-08-17T18:49:10+00:00,
dastools,conda_downloads_cumulative,,downloads,,2026-08-17,https://api.anaconda.org/,2026-08-17T18:49:10+00:00,not_published
dastools,canonical_citations,,citations,,2026-08-17,https://api.openalex.org/,2026-08-18T06:38:01+00:00,not_applicable
dasvader,repo_stars,7,stars,,,https://api.github.com/repos/marianoarnaiz/DASvader.jl,2026-08-18T06:38:02+00:00,
dasvader,repo_forks,1,forks,,,https://api.github.com/repos/marianoarnaiz/DASvader.jl,2026-08-18T06:38:02+00:00,
dasvader,repo_contributors,1,contributors,,,https://api.github.com/repos/marianoarnaiz/DASvader.jl,2026-08-18T06:38:02+00:00,
dasvader,repo_releases,0,releases,,,https://api.github.com/repos/marianoarnaiz/DASvader.jl,2026-08-18T06:38:02+00:00,
dasvader,pypi_downloads_30d,,downloads,,2026-08-17,https://pypistats.org/api/,2026-08-17T18:51:31+00:00,not_published
dasvader,pypi_downloads_180d,,downloads,,,https://pypistats.org/api/,2026-08-17T18:51:31+00:00,not_published
dasvader,conda_downloads_cumulative,,downloads,,2026-08-17,https://api.anaconda.org/,2026-08-17T18:51:31+00:00,not_published
dasvader,canonical_citations,,citations,,2026-08-17,https://api.openalex.org/,2026-08-18T06:38:02+00:00,not_applicable
dasvader-ds,repo_stars,0,stars,,,https://api.github.com/repos/marianoarnaiz/DASVaderDS.jl,2026-08-18T06:38:05+00:00,
dasvader-ds,repo_forks,0,forks,,,https://api.github.com/repos/marianoarnaiz/DASVaderDS.jl,2026-08-18T06:38:05+00:00,
dasvader-ds,repo_contributors,1,contributors,,,https://api.github.com/repos/marianoarnaiz/DASVaderDS.jl,2026-08-18T06:38:05+00:00,
dasvader-ds,repo_releases,0,releases,,,https://api.github.com/repos/marianoarnaiz/DASVaderDS.jl,2026-08-18T06:38:05+00:00,
dasvader-ds,pypi_downloads_30d,,downloads,,2026-08-17,https://pypistats.org/api/,2026-08-18T06:38:05+00:00,not_published
dasvader-ds,pypi_downloads_180d,,downloads,,,https://pypistats.org/api/,2026-08-18T06:38:05+00:00,not_published
dasvader-ds,conda_downloads_cumulative,,downloads,,2026-08-17,https://api.anaconda.org/,2026-08-18T06:38:05+00:00,not_published
dasvader-ds,canonical_citations,,citations,,2026-08-17,https://api.openalex.org/,2026-08-18T06:38:05+00:00,not_applicable
dasview,repo_stars,8,stars,,,https://api.github.com/repos/hetinghong/DASView,2026-08-18T06:38:07+00:00,
dasview,repo_forks,0,forks,,,https://api.github.com/repos/hetinghong/DASView,2026-08-18T06:38:07+00:00,
dasview,repo_contributors,1,contributors,,,https://api.github.com/repos/hetinghong/DASView,2026-08-18T06:38:07+00:00,
dasview,repo_releases,1,releases,,,https://api.github.com/repos/hetinghong/DASView,2026-08-18T06:38:07+00:00,
dasview,pypi_downloads_30d,,downloads,,2026-08-17,https://pypistats.org/api/,2026-08-18T06:38:07+00:00,not_published
dasview,pypi_downloads_180d,,downloads,,,https://pypistats.org/api/,2026-08-18T06:38:07+00:00,not_published
dasview,conda_downloads_cumulative,,downloads,,2026-08-17,https://api.anaconda.org/,2026-08-18T06:38:07+00:00,not_published
dasview,canonical_citations,,citations,,2026-08-17,https://api.openalex.org/,2026-08-18T06:38:07+00:00,not_applicable
derzug,repo_stars,4,stars,,,https://api.github.com/repos/DASDAE/derzug,2026-08-18T06:38:09+00:00,
derzug,repo_forks,0,forks,,,https://api.github.com/repos/DASDAE/derzug,2026-08-18T06:38:09+00:00,
derzug,repo_contributors,1,contributors,,,https://api.github.com/repos/DASDAE/derzug,2026-08-18T06:38:09+00:00,
derzug,repo_releases,11,releases,,,https://api.github.com/repos/DASDAE/derzug,2026-08-18T06:38:09+00:00,
derzug,pypi_downloads_30d,259,downloads,,2026-08-17,https://pypistats.org/api/packages/derzug/recent,2026-08-17T18:49:22+00:00,
derzug,pypi_downloads_180d,1495,downloads,2026-03-21,2026-08-16,https://pypistats.org/api/packages/derzug/recent,2026-08-17T18:49:22+00:00,
derzug,conda_downloads_cumulative,2269,downloads,,2026-08-17,https://api.anaconda.org/package/conda-forge/derzug,2026-08-17T18:49:22+00:00,
derzug,canonical_citations,,citations,,2026-08-17,https://api.openalex.org/,2026-08-18T06:38:09+00:00,not_applicable
distpy,repo_stars,40,stars,,,https://api.github.com/repos/Schlumberger/distpy,2026-08-18T06:38:12+00:00,
distpy,repo_forks,20,forks,,,https://api.github.com/repos/Schlumberger/distpy,2026-08-18T06:38:12+00:00,
distpy,repo_contributors,2,contributors,,,https://api.github.com/repos/Schlumberger/distpy,2026-08-18T06:38:12+00:00,
distpy,repo_releases,0,releases,,,https://api.github.com/repos/Schlumberger/distpy,2026-08-18T06:38:12+00:00,
distpy,pypi_downloads_30d,109,downloads,,2026-08-17,https://pypistats.org/api/packages/distpy/recent,2026-08-17T18:49:35+00:00,
distpy,pypi_downloads_180d,1199,downloads,2026-02-19,2026-08-16,https://pypistats.org/api/packages/distpy/recent,2026-08-17T18:49:35+00:00,
distpy,conda_downloads_cumulative,,downloads,,2026-08-17,https://api.anaconda.org/,2026-08-17T18:49:35+00:00,not_published
distpy,canonical_citations,,citations,,2026-08-17,https://api.openalex.org/,2026-08-18T06:38:12+00:00,not_applicable
dss-analyzer,repo_stars,3,stars,,,https://api.github.com/repos/shenyaojin/DSS_analyzer_Mariner,2026-08-18T06:38:14+00:00,
dss-analyzer,repo_forks,0,forks,,,https://api.github.com/repos/shenyaojin/DSS_analyzer_Mariner,2026-08-18T06:38:14+00:00,
dss-analyzer,repo_contributors,1,contributors,,,https://api.github.com/repos/shenyaojin/DSS_analyzer_Mariner,2026-08-18T06:38:14+00:00,
dss-analyzer,repo_releases,0,releases,,,https://api.github.com/repos/shenyaojin/DSS_analyzer_Mariner,2026-08-18T06:38:14+00:00,
dss-analyzer,pypi_downloads_30d,,downloads,,2026-08-17,https://pypistats.org/api/,2026-08-18T06:38:14+00:00,not_published
dss-analyzer,pypi_downloads_180d,,downloads,,,https://pypistats.org/api/,2026-08-18T06:38:14+00:00,not_published
dss-analyzer,conda_downloads_cumulative,,downloads,,2026-08-17,https://api.anaconda.org/,2026-08-18T06:38:14+00:00,not_published
dss-analyzer,canonical_citations,,citations,,2026-08-17,https://api.openalex.org/,2026-08-18T06:38:14+00:00,not_applicable
dts-r,repo_stars,3,stars,,,https://api.github.com/repos/jkennel/dts,2026-08-18T06:38:17+00:00,
dts-r,repo_forks,1,forks,,,https://api.github.com/repos/jkennel/dts,2026-08-18T06:38:17+00:00,
dts-r,repo_contributors,3,contributors,,,https://api.github.com/repos/jkennel/dts,2026-08-18T06:38:17+00:00,
dts-r,repo_releases,0,releases,,,https://api.github.com/repos/jkennel/dts,2026-08-18T06:38:17+00:00,
dts-r,pypi_downloads_30d,,downloads,,2026-08-17,https://pypistats.org/api/,2026-08-18T06:38:17+00:00,not_published
dts-r,pypi_downloads_180d,,downloads,,,https://pypistats.org/api/,2026-08-18T06:38:17+00:00,not_published
dts-r,conda_downloads_cumulative,,downloads,,2026-08-17,https://api.anaconda.org/,2026-08-18T06:38:17+00:00,not_published
dts-r,canonical_citations,,citations,,2026-08-17,https://api.openalex.org/,2026-08-18T06:38:17+00:00,not_applicable
dtscalibration,repo_stars,43,stars,,,https://api.github.com/repos/dtscalibration/python-dts-calibration,2026-08-18T06:38:19+00:00,
dtscalibration,repo_forks,22,forks,,,https://api.github.com/repos/dtscalibration/python-dts-calibration,2026-08-18T06:38:19+00:00,
dtscalibration,repo_contributors,5,contributors,,,https://api.github.com/repos/dtscalibration/python-dts-calibration,2026-08-18T06:38:19+00:00,
dtscalibration,repo_releases,32,releases,,,https://api.github.com/repos/dtscalibration/python-dts-calibration,2026-08-18T06:38:19+00:00,
dtscalibration,pypi_downloads_30d,192,downloads,,2026-08-17,https://pypistats.org/api/packages/dtscalibration/recent,2026-08-17T18:49:48+00:00,
dtscalibration,pypi_downloads_180d,2171,downloads,2026-02-17,2026-08-16,https://pypistats.org/api/packages/dtscalibration/recent,2026-08-17T18:49:48+00:00,
dtscalibration,conda_downloads_cumulative,955,downloads,,2026-08-17,https://api.anaconda.org/package/conda-forge/dtscalibration,2026-08-17T18:49:48+00:00,
dtscalibration,canonical_citations,,citations,,2026-08-17,https://api.openalex.org/,2026-08-18T06:38:19+00:00,not_applicable
eqnet,repo_stars,56,stars,,,https://api.github.com/repos/AI4EPS/EQNet,2026-08-18T06:38:21+00:00,
eqnet,repo_forks,19,forks,,,https://api.github.com/repos/AI4EPS/EQNet,2026-08-18T06:38:21+00:00,
eqnet,repo_contributors,4,contributors,,,https://api.github.com/repos/AI4EPS/EQNet,2026-08-18T06:38:21+00:00,
eqnet,repo_releases,1,releases,,,https://api.github.com/repos/AI4EPS/EQNet,2026-08-18T06:38:21+00:00,
eqnet,pypi_downloads_30d,,downloads,,2026-08-17,https://pypistats.org/api/,2026-08-18T06:38:21+00:00,not_published
eqnet,pypi_downloads_180d,,downloads,,,https://pypistats.org/api/,2026-08-18T06:38:21+00:00,not_published
eqnet,conda_downloads_cumulative,,downloads,,2026-08-17,https://api.anaconda.org/,2026-08-18T06:38:21+00:00,not_published
eqnet,canonical_citations,,citations,,2026-08-17,https://api.openalex.org/,2026-08-18T06:38:21+00:00,not_applicable
eth-das-readers,repo_stars,7,stars,,,https://api.github.com/repos/dcbowden/ETH_DAS_readers,2026-08-18T06:38:23+00:00,
eth-das-readers,repo_forks,0,forks,,,https://api.github.com/repos/dcbowden/ETH_DAS_readers,2026-08-18T06:38:23+00:00,
eth-das-readers,repo_contributors,1,contributors,,,https://api.github.com/repos/dcbowden/ETH_DAS_readers,2026-08-18T06:38:23+00:00,
eth-das-readers,repo_releases,0,releases,,,https://api.github.com/repos/dcbowden/ETH_DAS_readers,2026-08-18T06:38:23+00:00,
eth-das-readers,pypi_downloads_30d,,downloads,,2026-08-17,https://pypistats.org/api/,2026-08-18T06:38:23+00:00,not_published
eth-das-readers,pypi_downloads_180d,,downloads,,,https://pypistats.org/api/,2026-08-18T06:38:23+00:00,not_published
eth-das-readers,conda_downloads_cumulative,,downloads,,2026-08-17,https://api.anaconda.org/,2026-08-18T06:38:23+00:00,not_published
eth-das-readers,canonical_citations,,citations,,2026-08-17,https://api.openalex.org/,2026-08-18T06:38:23+00:00,not_applicable
febustools,repo_stars,0,stars,,,https://api.github.com/repos/anowacki/FebusTools.jl,2026-08-18T06:38:25+00:00,
febustools,repo_forks,0,forks,,,https://api.github.com/repos/anowacki/FebusTools.jl,2026-08-18T06:38:25+00:00,
febustools,repo_contributors,1,contributors,,,https://api.github.com/repos/anowacki/FebusTools.jl,2026-08-18T06:38:25+00:00,
febustools,repo_releases,0,releases,,,https://api.github.com/repos/anowacki/FebusTools.jl,2026-08-18T06:38:25+00:00,
febustools,pypi_downloads_30d,,downloads,,2026-08-17,https://pypistats.org/api/,2026-08-18T06:38:25+00:00,not_published
febustools,pypi_downloads_180d,,downloads,,,https://pypistats.org/api/,2026-08-18T06:38:25+00:00,not_published
febustools,conda_downloads_cumulative,,downloads,,2026-08-17,https://api.anaconda.org/,2026-08-18T06:38:25+00:00,not_published
febustools,canonical_citations,,citations,,2026-08-17,https://api.openalex.org/,2026-08-18T06:38:25+00:00,not_applicable
fiber-strain-modeling,repo_stars,0,stars,,,https://api.github.com/repos/Pengchao-He/horizontal-fracture-fiber-strain,2026-08-18T06:38:27+00:00,
fiber-strain-modeling,repo_forks,0,forks,,,https://api.github.com/repos/Pengchao-He/horizontal-fracture-fiber-strain,2026-08-18T06:38:27+00:00,
fiber-strain-modeling,repo_contributors,1,contributors,,,https://api.github.com/repos/Pengchao-He/horizontal-fracture-fiber-strain,2026-08-18T06:38:27+00:00,
fiber-strain-modeling,repo_releases,0,releases,,,https://api.github.com/repos/Pengchao-He/horizontal-fracture-fiber-strain,2026-08-18T06:38:27+00:00,
fiber-strain-modeling,pypi_downloads_30d,,downloads,,2026-08-17,https://pypistats.org/api/,2026-08-18T06:38:27+00:00,not_published
fiber-strain-modeling,pypi_downloads_180d,,downloads,,,https://pypistats.org/api/,2026-08-18T06:38:27+00:00,not_published
fiber-strain-modeling,conda_downloads_cumulative,,downloads,,2026-08-17,https://api.anaconda.org/,2026-08-18T06:38:27+00:00,not_published
fiber-strain-modeling,canonical_citations,,citations,,2026-08-17,https://api.openalex.org/,2026-08-18T06:38:27+00:00,not_applicable
fiberis,repo_stars,2,stars,,,https://api.github.com/repos/shenyaojin/fibeRIS,2026-08-18T06:38:29+00:00,
fiberis,repo_forks,1,forks,,,https://api.github.com/repos/shenyaojin/fibeRIS,2026-08-18T06:38:29+00:00,
fiberis,repo_contributors,3,contributors,,,https://api.github.com/repos/shenyaojin/fibeRIS,2026-08-18T06:38:29+00:00,
fiberis,repo_releases,0,releases,,,https://api.github.com/repos/shenyaojin/fibeRIS,2026-08-18T06:38:29+00:00,
fiberis,pypi_downloads_30d,,downloads,,2026-08-17,https://pypistats.org/api/,2026-08-18T06:38:29+00:00,not_published
fiberis,pypi_downloads_180d,,downloads,,,https://pypistats.org/api/,2026-08-18T06:38:29+00:00,not_published
fiberis,conda_downloads_cumulative,,downloads,,2026-08-17,https://api.anaconda.org/,2026-08-18T06:38:29+00:00,not_published
fiberis,canonical_citations,,citations,,2026-08-17,https://api.openalex.org/,2026-08-18T06:38:29+00:00,not_applicable
fiberwatch-cli,repo_stars,8,stars,,,https://api.github.com/repos/theBlackfish01/FiberWatchCLI,2026-08-18T06:38:31+00:00,
fiberwatch-cli,repo_forks,0,forks,,,https://api.github.com/repos/theBlackfish01/FiberWatchCLI,2026-08-18T06:38:31+00:00,
fiberwatch-cli,repo_contributors,1,contributors,,,https://api.github.com/repos/theBlackfish01/FiberWatchCLI,2026-08-18T06:38:31+00:00,
fiberwatch-cli,repo_releases,0,releases,,,https://api.github.com/repos/theBlackfish01/FiberWatchCLI,2026-08-18T06:38:31+00:00,
fiberwatch-cli,pypi_downloads_30d,,downloads,,2026-08-17,https://pypistats.org/api/,2026-08-18T06:38:31+00:00,not_published
fiberwatch-cli,pypi_downloads_180d,,downloads,,,https://pypistats.org/api/,2026-08-18T06:38:31+00:00,not_published
fiberwatch-cli,conda_downloads_cumulative,,downloads,,2026-08-17,https://api.anaconda.org/,2026-08-18T06:38:31+00:00,not_published
fiberwatch-cli,canonical_citations,,citations,,2026-08-17,https://api.openalex.org/,2026-08-18T06:38:31+00:00,not_applicable
filark,repo_stars,0,stars,,,https://api.github.com/repos/Guoguo828/fliark,2026-08-18T06:38:33+00:00,
filark,repo_forks,0,forks,,,https://api.github.com/repos/Guoguo828/fliark,2026-08-18T06:38:33+00:00,
filark,repo_contributors,1,contributors,,,https://api.github.com/repos/Guoguo828/fliark,2026-08-18T06:38:33+00:00,
filark,repo_releases,0,releases,,,https://api.github.com/repos/Guoguo828/fliark,2026-08-18T06:38:33+00:00,
filark,pypi_downloads_30d,,downloads,,2026-08-17,https://pypistats.org/api/,2026-08-18T06:38:33+00:00,not_published
filark,pypi_downloads_180d,,downloads,,,https://pypistats.org/api/,2026-08-18T06:38:33+00:00,not_published
filark,conda_downloads_cumulative,,downloads,,2026-08-17,https://api.anaconda.org/,2026-08-18T06:38:33+00:00,not_published
filark,canonical_citations,,citations,,2026-08-17,https://api.openalex.org/,2026-08-18T06:38:33+00:00,not_applicable
generic-cable,repo_stars,22,stars,,,https://api.github.com/repos/subsurface4d/GenericCable,2026-08-18T06:38:35+00:00,
generic-cable,repo_forks,6,forks,,,https://api.github.com/repos/subsurface4d/GenericCable,2026-08-18T06:38:35+00:00,
generic-cable,repo_contributors,1,contributors,,,https://api.github.com/repos/subsurface4d/GenericCable,2026-08-18T06:38:35+00:00,
generic-cable,repo_releases,0,releases,,,https://api.github.com/repos/subsurface4d/GenericCable,2026-08-18T06:38:35+00:00,
generic-cable,pypi_downloads_30d,,downloads,,2026-08-17,https://pypistats.org/api/,2026-08-18T06:38:35+00:00,not_published
generic-cable,pypi_downloads_180d,,downloads,,,https://pypistats.org/api/,2026-08-18T06:38:35+00:00,not_published
generic-cable,conda_downloads_cumulative,,downloads,,2026-08-17,https://api.anaconda.org/,2026-08-18T06:38:35+00:00,not_published
generic-cable,canonical_citations,,citations,,2026-08-17,https://api.openalex.org/,2026-08-18T06:38:35+00:00,not_applicable
gridded-slant-stack,repo_stars,8,stars,,,https://api.github.com/repos/zackspica/Gridded-SlantStack,2026-08-18T06:38:38+00:00,
gridded-slant-stack,repo_forks,1,forks,,,https://api.github.com/repos/zackspica/Gridded-SlantStack,2026-08-18T06:38:38+00:00,
gridded-slant-stack,repo_contributors,1,contributors,,,https://api.github.com/repos/zackspica/Gridded-SlantStack,2026-08-18T06:38:38+00:00,
gridded-slant-stack,repo_releases,1,releases,,,https://api.github.com/repos/zackspica/Gridded-SlantStack,2026-08-18T06:38:38+00:00,
gridded-slant-stack,pypi_downloads_30d,,downloads,,2026-08-17,https://pypistats.org/api/,2026-08-18T06:38:38+00:00,not_published
gridded-slant-stack,pypi_downloads_180d,,downloads,,,https://pypistats.org/api/,2026-08-18T06:38:38+00:00,not_published
gridded-slant-stack,conda_downloads_cumulative,,downloads,,2026-08-17,https://api.anaconda.org/,2026-08-18T06:38:38+00:00,not_published
gridded-slant-stack,canonical_citations,,citations,,2026-08-17,https://api.openalex.org/,2026-08-18T06:38:38+00:00,not_applicable
idas-convert,repo_stars,9,stars,,,https://api.github.com/repos/pyrocko/idas-convert,2026-08-18T06:38:40+00:00,
idas-convert,repo_forks,2,forks,,,https://api.github.com/repos/pyrocko/idas-convert,2026-08-18T06:38:40+00:00,
idas-convert,repo_contributors,1,contributors,,,https://api.github.com/repos/pyrocko/idas-convert,2026-08-18T06:38:40+00:00,
idas-convert,repo_releases,0,releases,,,https://api.github.com/repos/pyrocko/idas-convert,2026-08-18T06:38:40+00:00,
idas-convert,pypi_downloads_30d,,downloads,,2026-08-17,https://pypistats.org/api/,2026-08-18T06:38:40+00:00,not_published
idas-convert,pypi_downloads_180d,,downloads,,,https://pypistats.org/api/,2026-08-18T06:38:40+00:00,not_published
idas-convert,conda_downloads_cumulative,,downloads,,2026-08-17,https://api.anaconda.org/,2026-08-18T06:38:40+00:00,not_published
idas-convert,canonical_citations,,citations,,2026-08-17,https://api.openalex.org/,2026-08-18T06:38:40+00:00,unavailable
invisensing,repo_stars,0,stars,,,https://api.github.com/repos/invisensing-io/python-lib,2026-08-18T06:38:42+00:00,
invisensing,repo_forks,0,forks,,,https://api.github.com/repos/invisensing-io/python-lib,2026-08-18T06:38:42+00:00,
invisensing,repo_contributors,1,contributors,,,https://api.github.com/repos/invisensing-io/python-lib,2026-08-18T06:38:42+00:00,
invisensing,repo_releases,6,releases,,,https://api.github.com/repos/invisensing-io/python-lib,2026-08-18T06:38:42+00:00,
invisensing,pypi_downloads_30d,1319,downloads,,2026-08-17,https://pypistats.org/api/packages/invisensing/recent,2026-08-17T18:50:01+00:00,
invisensing,pypi_downloads_180d,6071,downloads,2026-05-25,2026-08-16,https://pypistats.org/api/packages/invisensing/recent,2026-08-17T18:50:01+00:00,
invisensing,conda_downloads_cumulative,,downloads,,2026-08-17,https://api.anaconda.org/,2026-08-17T18:50:01+00:00,not_published
invisensing,canonical_citations,,citations,,2026-08-17,https://api.openalex.org/,2026-08-18T06:38:42+00:00,not_applicable
jdas,repo_stars,41,stars,,,https://api.github.com/repos/martijnende/jDAS,2026-08-18T06:38:44+00:00,
jdas,repo_forks,4,forks,,,https://api.github.com/repos/martijnende/jDAS,2026-08-18T06:38:44+00:00,
jdas,repo_contributors,1,contributors,,,https://api.github.com/repos/martijnende/jDAS,2026-08-18T06:38:44+00:00,
jdas,repo_releases,1,releases,,,https://api.github.com/repos/martijnende/jDAS,2026-08-18T06:38:44+00:00,
jdas,pypi_downloads_30d,,downloads,,2026-08-17,https://pypistats.org/api/,2026-08-18T06:38:44+00:00,not_published
jdas,pypi_downloads_180d,,downloads,,,https://pypistats.org/api/,2026-08-18T06:38:44+00:00,not_published
jdas,conda_downloads_cumulative,,downloads,,2026-08-17,https://api.anaconda.org/,2026-08-18T06:38:44+00:00,not_published
jdas,canonical_citations,,citations,,2026-08-17,https://api.openalex.org/,2026-08-18T06:38:44+00:00,not_applicable
lightguide,repo_stars,65,stars,,,https://api.github.com/repos/pyrocko/lightguide,2026-08-18T06:38:46+00:00,
lightguide,repo_forks,13,forks,,,https://api.github.com/repos/pyrocko/lightguide,2026-08-18T06:38:46+00:00,
lightguide,repo_contributors,1,contributors,,,https://api.github.com/repos/pyrocko/lightguide,2026-08-18T06:38:46+00:00,
lightguide,repo_releases,6,releases,,,https://api.github.com/repos/pyrocko/lightguide,2026-08-18T06:38:46+00:00,
lightguide,pypi_downloads_30d,42,downloads,,2026-08-17,https://pypistats.org/api/packages/lightguide/recent,2026-08-17T18:50:14+00:00,
lightguide,pypi_downloads_180d,781,downloads,2026-02-17,2026-08-15,https://pypistats.org/api/packages/lightguide/recent,2026-08-17T18:50:14+00:00,
lightguide,conda_downloads_cumulative,,downloads,,2026-08-17,https://api.anaconda.org/,2026-08-17T18:50:14+00:00,not_published
lightguide,canonical_citations,2,citations,,2026-08-17,https://api.openalex.org/works/https://doi.org/10.5281/zenodo.6580579,2026-08-17T18:08:31+00:00,
mldas,repo_stars,11,stars,,,https://api.github.com/repos/DAS-RCN/mldas,2026-08-18T06:38:49+00:00,
mldas,repo_forks,6,forks,,,https://api.github.com/repos/DAS-RCN/mldas,2026-08-18T06:38:49+00:00,
mldas,repo_contributors,1,contributors,,,https://api.github.com/repos/DAS-RCN/mldas,2026-08-18T06:38:49+00:00,
mldas,repo_releases,0,releases,,,https://api.github.com/repos/DAS-RCN/mldas,2026-08-18T06:38:49+00:00,
mldas,pypi_downloads_30d,8,downloads,,2026-08-17,https://pypistats.org/api/packages/mldas/recent,2026-08-17T18:50:27+00:00,
mldas,pypi_downloads_180d,108,downloads,2026-02-21,2026-08-14,https://pypistats.org/api/packages/mldas/recent,2026-08-17T18:50:27+00:00,
mldas,conda_downloads_cumulative,,downloads,,2026-08-17,https://api.anaconda.org/,2026-08-17T18:50:27+00:00,not_published
mldas,canonical_citations,,citations,,2026-08-17,https://api.openalex.org/,2026-08-18T06:38:49+00:00,not_applicable
multi-res-viewer,repo_stars,2,stars,,,https://api.github.com/repos/DASDAE/MultiResViewer,2026-08-18T06:38:51+00:00,
multi-res-viewer,repo_forks,1,forks,,,https://api.github.com/repos/DASDAE/MultiResViewer,2026-08-18T06:38:51+00:00,
multi-res-viewer,repo_contributors,1,contributors,,,https://api.github.com/repos/DASDAE/MultiResViewer,2026-08-18T06:38:51+00:00,
multi-res-viewer,repo_releases,0,releases,,,https://api.github.com/repos/DASDAE/MultiResViewer,2026-08-18T06:38:51+00:00,
multi-res-viewer,pypi_downloads_30d,,downloads,,2026-08-17,https://pypistats.org/api/,2026-08-18T06:38:51+00:00,not_published
multi-res-viewer,pypi_downloads_180d,,downloads,,,https://pypistats.org/api/,2026-08-18T06:38:51+00:00,not_published
multi-res-viewer,conda_downloads_cumulative,,downloads,,2026-08-17,https://api.anaconda.org/,2026-08-18T06:38:51+00:00,not_published
multi-res-viewer,canonical_citations,,citations,,2026-08-17,https://api.openalex.org/,2026-08-18T06:38:51+00:00,not_applicable
opendas-stream,repo_stars,0,stars,,,https://api.github.com/repos/Xinxin-He/OpenDAS-Stream,2026-08-18T06:38:53+00:00,
opendas-stream,repo_forks,0,forks,,,https://api.github.com/repos/Xinxin-He/OpenDAS-Stream,2026-08-18T06:38:53+00:00,
opendas-stream,repo_contributors,1,contributors,,,https://api.github.com/repos/Xinxin-He/OpenDAS-Stream,2026-08-18T06:38:53+00:00,
opendas-stream,repo_releases,0,releases,,,https://api.github.com/repos/Xinxin-He/OpenDAS-Stream,2026-08-18T06:38:53+00:00,
opendas-stream,pypi_downloads_30d,,downloads,,2026-08-17,https://pypistats.org/api/,2026-08-18T06:38:53+00:00,not_published
opendas-stream,pypi_downloads_180d,,downloads,,,https://pypistats.org/api/,2026-08-18T06:38:53+00:00,not_published
opendas-stream,conda_downloads_cumulative,,downloads,,2026-08-17,https://api.anaconda.org/,2026-08-18T06:38:53+00:00,not_published
opendas-stream,canonical_citations,,citations,,2026-08-17,https://api.openalex.org/,2026-08-18T06:38:53+00:00,not_applicable
optixutils,repo_stars,1,stars,,,https://api.github.com/repos/uqzzhao/OptixUtils,2026-08-18T06:38:56+00:00,
optixutils,repo_forks,0,forks,,,https://api.github.com/repos/uqzzhao/OptixUtils,2026-08-18T06:38:56+00:00,
optixutils,repo_contributors,1,contributors,,,https://api.github.com/repos/uqzzhao/OptixUtils,2026-08-18T06:38:56+00:00,
optixutils,repo_releases,0,releases,,,https://api.github.com/repos/uqzzhao/OptixUtils,2026-08-18T06:38:56+00:00,
optixutils,pypi_downloads_30d,,downloads,,2026-08-17,https://pypistats.org/api/,2026-08-18T06:38:56+00:00,not_published
optixutils,pypi_downloads_180d,,downloads,,,https://pypistats.org/api/,2026-08-18T06:38:56+00:00,not_published
optixutils,conda_downloads_cumulative,,downloads,,2026-08-17,https://api.anaconda.org/,2026-08-18T06:38:56+00:00,not_published
optixutils,canonical_citations,,citations,,2026-08-17,https://api.openalex.org/,2026-08-18T06:38:56+00:00,not_applicable
optodas-processor,repo_stars,0,stars,,,https://api.github.com/repos/speleos/OptoDAS_processor,2026-08-18T06:38:57+00:00,
optodas-processor,repo_forks,0,forks,,,https://api.github.com/repos/speleos/OptoDAS_processor,2026-08-18T06:38:57+00:00,
optodas-processor,repo_contributors,1,contributors,,,https://api.github.com/repos/speleos/OptoDAS_processor,2026-08-18T06:38:57+00:00,
optodas-processor,repo_releases,2,releases,,,https://api.github.com/repos/speleos/OptoDAS_processor,2026-08-18T06:38:57+00:00,
optodas-processor,pypi_downloads_30d,,downloads,,2026-08-17,https://pypistats.org/api/,2026-08-18T06:38:57+00:00,not_published
optodas-processor,pypi_downloads_180d,,downloads,,,https://pypistats.org/api/,2026-08-18T06:38:57+00:00,not_published
optodas-processor,conda_downloads_cumulative,,downloads,,2026-08-17,https://api.anaconda.org/,2026-08-18T06:38:57+00:00,not_published
optodas-processor,canonical_citations,,citations,,2026-08-17,https://api.openalex.org/,2026-08-18T06:38:57+00:00,not_applicable
pyfocs,repo_stars,23,stars,,,https://api.github.com/repos/klapo/pyfocs,2026-08-18T06:39:00+00:00,
pyfocs,repo_forks,12,forks,,,https://api.github.com/repos/klapo/pyfocs,2026-08-18T06:39:00+00:00,
pyfocs,repo_contributors,3,contributors,,,https://api.github.com/repos/klapo/pyfocs,2026-08-18T06:39:00+00:00,
pyfocs,repo_releases,1,releases,,,https://api.github.com/repos/klapo/pyfocs,2026-08-18T06:39:00+00:00,
pyfocs,pypi_downloads_30d,26,downloads,,2026-08-17,https://pypistats.org/api/packages/pyfocs/recent,2026-08-17T18:50:39+00:00,
pyfocs,pypi_downloads_180d,262,downloads,2026-02-20,2026-08-16,https://pypistats.org/api/packages/pyfocs/recent,2026-08-17T18:50:39+00:00,
pyfocs,conda_downloads_cumulative,,downloads,,2026-08-17,https://api.anaconda.org/,2026-08-17T18:50:39+00:00,not_published
pyfocs,canonical_citations,,citations,,2026-08-17,https://api.openalex.org/,2026-08-18T06:39:00+00:00,not_applicable
pyseafom,repo_stars,7,stars,,,https://api.github.com/repos/SEAFOM-Fiber-Optic-Monitoring-Group/pySEAFOM,2026-08-18T06:39:02+00:00,
pyseafom,repo_forks,2,forks,,,https://api.github.com/repos/SEAFOM-Fiber-Optic-Monitoring-Group/pySEAFOM,2026-08-18T06:39:02+00:00,
pyseafom,repo_contributors,2,contributors,,,https://api.github.com/repos/SEAFOM-Fiber-Optic-Monitoring-Group/pySEAFOM,2026-08-18T06:39:02+00:00,
pyseafom,repo_releases,1,releases,,,https://api.github.com/repos/SEAFOM-Fiber-Optic-Monitoring-Group/pySEAFOM,2026-08-18T06:39:02+00:00,
pyseafom,pypi_downloads_30d,50,downloads,,2026-08-17,https://pypistats.org/api/packages/pyseafom/recent,2026-08-17T18:50:52+00:00,
pyseafom,pypi_downloads_180d,677,downloads,2026-02-19,2026-08-15,https://pypistats.org/api/packages/pyseafom/recent,2026-08-17T18:50:52+00:00,
pyseafom,conda_downloads_cumulative,,downloads,,2026-08-17,https://api.anaconda.org/,2026-08-17T18:50:52+00:00,not_published
pyseafom,canonical_citations,,citations,,2026-08-17,https://api.openalex.org/,2026-08-18T06:39:02+00:00,not_applicable
remi-das,repo_stars,4,stars,,,https://api.github.com/repos/Shihao-Yuan/ReMi-DAS,2026-08-18T06:39:04+00:00,
remi-das,repo_forks,2,forks,,,https://api.github.com/repos/Shihao-Yuan/ReMi-DAS,2026-08-18T06:39:04+00:00,
remi-das,repo_contributors,1,contributors,,,https://api.github.com/repos/Shihao-Yuan/ReMi-DAS,2026-08-18T06:39:04+00:00,
remi-das,repo_releases,0,releases,,,https://api.github.com/repos/Shihao-Yuan/ReMi-DAS,2026-08-18T06:39:04+00:00,
remi-das,pypi_downloads_30d,,downloads,,2026-08-17,https://pypistats.org/api/,2026-08-18T06:39:04+00:00,not_published
remi-das,pypi_downloads_180d,,downloads,,,https://pypistats.org/api/,2026-08-18T06:39:04+00:00,not_published
remi-das,conda_downloads_cumulative,,downloads,,2026-08-17,https://api.anaconda.org/,2026-08-18T06:39:04+00:00,not_published
remi-das,canonical_citations,,citations,,2026-08-17,https://api.openalex.org/,2026-08-18T06:39:04+00:00,not_applicable
rnn-das,repo_stars,4,stars,,,https://api.github.com/repos/Javier-FernandezCarabantes/RNN-DAS,2026-08-18T06:39:06+00:00,
rnn-das,repo_forks,0,forks,,,https://api.github.com/repos/Javier-FernandezCarabantes/RNN-DAS,2026-08-18T06:39:06+00:00,
rnn-das,repo_contributors,1,contributors,,,https://api.github.com/repos/Javier-FernandezCarabantes/RNN-DAS,2026-08-18T06:39:06+00:00,
rnn-das,repo_releases,3,releases,,,https://api.github.com/repos/Javier-FernandezCarabantes/RNN-DAS,2026-08-18T06:39:06+00:00,
rnn-das,pypi_downloads_30d,,downloads,,2026-08-17,https://pypistats.org/api/,2026-08-18T06:39:06+00:00,not_published
rnn-das,pypi_downloads_180d,,downloads,,,https://pypistats.org/api/,2026-08-18T06:39:06+00:00,not_published
rnn-das,conda_downloads_cumulative,,downloads,,2026-08-17,https://api.anaconda.org/,2026-08-18T06:39:06+00:00,not_published
rnn-das,canonical_citations,5,citations,,2026-08-17,https://api.openalex.org/works/https://doi.org/10.1029/2025jb031756,2026-08-17T18:08:31+00:00,
sigrecover,repo_stars,10,stars,,,https://api.github.com/repos/TCCS-CODES/sigrecover,2026-08-18T06:39:08+00:00,
sigrecover,repo_forks,4,forks,,,https://api.github.com/repos/TCCS-CODES/sigrecover,2026-08-18T06:39:08+00:00,
sigrecover,repo_contributors,1,contributors,,,https://api.github.com/repos/TCCS-CODES/sigrecover,2026-08-18T06:39:08+00:00,
sigrecover,repo_releases,0,releases,,,https://api.github.com/repos/TCCS-CODES/sigrecover,2026-08-18T06:39:08+00:00,
sigrecover,pypi_downloads_30d,,downloads,,2026-08-17,https://pypistats.org/api/,2026-08-18T06:39:08+00:00,not_published
sigrecover,pypi_downloads_180d,,downloads,,,https://pypistats.org/api/,2026-08-18T06:39:08+00:00,not_published
sigrecover,conda_downloads_cumulative,,downloads,,2026-08-17,https://api.anaconda.org/,2026-08-18T06:39:08+00:00,not_published
sigrecover,canonical_citations,,citations,,2026-08-17,https://api.openalex.org/,2026-08-18T06:39:08+00:00,not_applicable
silixa-dts-tools,repo_stars,0,stars,,,https://api.github.com/repos/LeemanGeophysicalLLC/Silixa_DTS_Tools,2026-08-18T06:39:11+00:00,
silixa-dts-tools,repo_forks,0,forks,,,https://api.github.com/repos/LeemanGeophysicalLLC/Silixa_DTS_Tools,2026-08-18T06:39:11+00:00,
silixa-dts-tools,repo_contributors,1,contributors,,,https://api.github.com/repos/LeemanGeophysicalLLC/Silixa_DTS_Tools,2026-08-18T06:39:11+00:00,
silixa-dts-tools,repo_releases,0,releases,,,https://api.github.com/repos/LeemanGeophysicalLLC/Silixa_DTS_Tools,2026-08-18T06:39:11+00:00,
silixa-dts-tools,pypi_downloads_30d,,downloads,,2026-08-17,https://pypistats.org/api/,2026-08-18T06:39:11+00:00,not_published
silixa-dts-tools,pypi_downloads_180d,,downloads,,,https://pypistats.org/api/,2026-08-18T06:39:11+00:00,not_published
silixa-dts-tools,conda_downloads_cumulative,,downloads,,2026-08-17,https://api.anaconda.org/,2026-08-18T06:39:11+00:00,not_published
silixa-dts-tools,canonical_citations,,citations,,2026-08-17,https://api.openalex.org/,2026-08-18T06:39:11+00:00,not_applicable
simpledas,repo_stars,28,stars,,,https://api.github.com/repos/ASN-Norway/simpleDAS,2026-08-18T06:39:13+00:00,
simpledas,repo_forks,10,forks,,,https://api.github.com/repos/ASN-Norway/simpleDAS,2026-08-18T06:39:13+00:00,
simpledas,repo_contributors,1,contributors,,,https://api.github.com/repos/ASN-Norway/simpleDAS,2026-08-18T06:39:13+00:00,
simpledas,repo_releases,4,releases,,,https://api.github.com/repos/ASN-Norway/simpleDAS,2026-08-18T06:39:13+00:00,
simpledas,pypi_downloads_30d,,downloads,,2026-08-17,https://pypistats.org/api/,2026-08-18T06:39:13+00:00,not_published
simpledas,pypi_downloads_180d,,downloads,,,https://pypistats.org/api/,2026-08-18T06:39:13+00:00,not_published
simpledas,conda_downloads_cumulative,,downloads,,2026-08-17,https://api.anaconda.org/,2026-08-18T06:39:13+00:00,not_published
simpledas,canonical_citations,,citations,,2026-08-17,https://api.openalex.org/,2026-08-18T06:39:13+00:00,not_applicable
spool-processing,repo_stars,0,stars,,,https://api.github.com/repos/DASDAE/SpoolProcessing,2026-08-18T06:39:15+00:00,
spool-processing,repo_forks,2,forks,,,https://api.github.com/repos/DASDAE/SpoolProcessing,2026-08-18T06:39:15+00:00,
spool-processing,repo_contributors,1,contributors,,,https://api.github.com/repos/DASDAE/SpoolProcessing,2026-08-18T06:39:15+00:00,
spool-processing,repo_releases,0,releases,,,https://api.github.com/repos/DASDAE/SpoolProcessing,2026-08-18T06:39:15+00:00,
spool-processing,pypi_downloads_30d,,downloads,,2026-08-17,https://pypistats.org/api/,2026-08-18T06:39:15+00:00,not_published
spool-processing,pypi_downloads_180d,,downloads,,,https://pypistats.org/api/,2026-08-18T06:39:15+00:00,not_published
spool-processing,conda_downloads_cumulative,,downloads,,2026-08-17,https://api.anaconda.org/,2026-08-18T06:39:15+00:00,not_published
spool-processing,canonical_citations,,citations,,2026-08-17,https://api.openalex.org/,2026-08-18T06:39:15+00:00,not_applicable
treble-sdk,repo_stars,6,stars,,,https://api.github.com/repos/terra15collab/TrebleSDK,2026-08-18T06:39:18+00:00,
treble-sdk,repo_forks,2,forks,,,https://api.github.com/repos/terra15collab/TrebleSDK,2026-08-18T06:39:18+00:00,
treble-sdk,repo_contributors,1,contributors,,,https://api.github.com/repos/terra15collab/TrebleSDK,2026-08-18T06:39:18+00:00,
treble-sdk,repo_releases,0,releases,,,https://api.github.com/repos/terra15collab/TrebleSDK,2026-08-18T06:39:18+00:00,
treble-sdk,pypi_downloads_30d,,downloads,,2026-08-17,https://pypistats.org/api/,2026-08-18T06:39:18+00:00,not_published
treble-sdk,pypi_downloads_180d,,downloads,,,https://pypistats.org/api/,2026-08-18T06:39:18+00:00,not_published
treble-sdk,conda_downloads_cumulative,,downloads,,2026-08-17,https://api.anaconda.org/,2026-08-18T06:39:18+00:00,not_published
treble-sdk,canonical_citations,,citations,,2026-08-17,https://api.openalex.org/,2026-08-18T06:39:18+00:00,not_applicable
unidas,repo_stars,2,stars,,,https://api.github.com/repos/DASDAE/unidas,2026-08-18T06:39:20+00:00,
unidas,repo_forks,1,forks,,,https://api.github.com/repos/DASDAE/unidas,2026-08-18T06:39:20+00:00,
unidas,repo_contributors,1,contributors,,,https://api.github.com/repos/DASDAE/unidas,2026-08-18T06:39:20+00:00,
unidas,repo_releases,1,releases,,,https://api.github.com/repos/DASDAE/unidas,2026-08-18T06:39:20+00:00,
unidas,pypi_downloads_30d,22,downloads,,2026-08-17,https://pypistats.org/api/packages/unidas/recent,2026-08-17T18:51:05+00:00,
unidas,pypi_downloads_180d,343,downloads,2026-02-25,2026-08-16,https://pypistats.org/api/packages/unidas/recent,2026-08-17T18:51:05+00:00,
unidas,conda_downloads_cumulative,,downloads,,2026-08-17,https://api.anaconda.org/,2026-08-17T18:51:05+00:00,not_published
unidas,canonical_citations,,citations,,2026-08-17,https://api.openalex.org/,2026-08-18T06:39:20+00:00,not_applicable
xdas,repo_stars,73,stars,,,https://api.github.com/repos/xdas-dev/xdas,2026-08-18T06:39:22+00:00,
xdas,repo_forks,16,forks,,,https://api.github.com/repos/xdas-dev/xdas,2026-08-18T06:39:22+00:00,
xdas,repo_contributors,11,contributors,,,https://api.github.com/repos/xdas-dev/xdas,2026-08-18T06:39:22+00:00,
xdas,repo_releases,15,releases,,,https://api.github.com/repos/xdas-dev/xdas,2026-08-18T06:39:22+00:00,
xdas,pypi_downloads_30d,659,downloads,,2026-08-17,https://pypistats.org/api/packages/xdas/recent,2026-08-17T18:51:18+00:00,
xdas,pypi_downloads_180d,7188,downloads,2026-02-17,2026-08-16,https://pypistats.org/api/packages/xdas/recent,2026-08-17T18:51:18+00:00,
xdas,conda_downloads_cumulative,,downloads,,2026-08-17,https://api.anaconda.org/package/conda-forge/xdas,2026-08-17T18:51:18+00:00,not_published
xdas,canonical_citations,6,citations,,2026-08-17,https://api.openalex.org/works/https://doi.org/10.1785/0220240366,2026-08-17T18:08:32+00:00,
xpick,repo_stars,5,stars,,,https://api.github.com/repos/xdas-dev/xpick,2026-08-18T06:39:25+00:00,
xpick,repo_forks,0,forks,,,https://api.github.com/repos/xdas-dev/xpick,2026-08-18T06:39:25+00:00,
xpick,repo_contributors,1,contributors,,,https://api.github.com/repos/xdas-dev/xpick,2026-08-18T06:39:25+00:00,
xpick,repo_releases,2,releases,,,https://api.github.com/repos/xdas-dev/xpick,2026-08-18T06:39:25+00:00,
xpick,pypi_downloads_30d,,downloads,,2026-08-17,https://pypistats.org/api/,2026-08-18T06:39:25+00:00,not_published
xpick,pypi_downloads_180d,,downloads,,,https://pypistats.org/api/,2026-08-18T06:39:25+00:00,not_published
xpick,conda_downloads_cumulative,,downloads,,2026-08-17,https://api.anaconda.org/,2026-08-18T06:39:25+00:00,not_published
xpick,canonical_citations,0,citations,,2026-08-17,https://api.openalex.org/works/https://doi.org/10.5281/zenodo.10678341,2026-08-17T18:08:32+00:00,
